id,question,answer,explanation,difficulty
1,"예금자보호법에 따라 은행 예금은 1인당 5,000만원까지 보호된다.",O,"예금자보호법에 따라 은행 예금은 1인당 원금과 이자를 합하여 5,000만원까지 보호됩니다.",1
2,"주식투자의 수익은 항상 보장된다.",X,"주식투자는 위험이 있어 수익이 보장되지 않습니다. 주가 변동에 따라 손실이 발생할 수 있습니다.",1
3,"복리는 이자에 이자가 붙는 방식이다.",O,"복리는 원금뿐만 아니라 이자에도 이자가 붙어 시간이 지날수록 이자가 기하급수적으로 늘어나는 방식입니다.",2
4,"인플레이션은 화폐의 구매력을 높인다.",X,"인플레이션은 화폐의 가치를 떨어뜨려 구매력을 낮춥니다.",2
5,"주택청약통장은 누구나 가입할 수 있다.",O,"주택청약통장은 나이와 무관하게 누구나 가입할 수 있습니다. 단, 청약 자격은 별도의 조건이 있습니다.",1
6,"ETF는 개별 주식처럼 실시간으로 매매할 수 있다.",O,"ETF(상장지수펀드)는 주식시장에 상장되어 있어 개별 주식처럼 실시간 매매가 가능합니다.",2
7,"원/달러 환율이 상승하면 수출기업에 유리하다.",O,"원/달러 환율 상승 시 동일한 달러화 수출액에 대해 더 많은 원화를 받을 수 있어 수출기업에 유리합니다.",3
8,"모든 국가의 중앙은행은 기준금리를 결정할 수 있다.",X,"유로존과 같은 통화동맹의 경우, 개별 국가의 중앙은행이 아닌 유럽중앙은행(ECB)이 기준금리를 결정합니다.",3
9,"주식의 시가총액은 발행주식 수와 주가를 곱한 값이다.",O,"시가총액은 해당 기업의 발행주식 총수와 현재 주가를 곱한 값으로, 기업의 전체 가치를 나타냅니다.",2
10,"청약통장 가입 시 의무 납입기간이 있다.",X,"청약통장에는 의무 납입기간이 없습니다. 다만, 청약 자격을 얻기 위한 최소 가입기간은 있을 수 있습니다.",2
11,"신용카드 결제일은 변경할 수 없다.",X,"신용카드 결제일은 카드사와 협의하여 변경할 수 있습니다.",1
12,"부동산 투자는 항상 안전한 투자방법이다.",X,"부동산 시장도 변동성이 있으며 항상 안전하다고 할 수 없습니다.",2
13,"물가상승률이 높으면 화폐의 실질가치는 떨어진다.",O,"물가상승률이 높아지면 같은 금액으로 구매할 수 있는 상품의 양이 줄어들어 실질가치가 떨어집니다.",1
14,"연금저축은 세액공제를 받을 수 있는 금융상품이다.",O,"연금저축에 납입한 금액에 대해 세액공제를 받을 수 있어 세금 부담을 줄일 수 있습니다.",2
15,"모든 대출상품은 금리가 고정되어 있다.",X,"대출상품에는 고정금리와 변동금리가 있으며 상황에 따라 다릅니다.",2
16,"CPI는 소비자 물가 지수를 의미한다.",O,"CPI(소비자 물가 지수)는 소비자가 구입하는 상품과 서비스의 가격 변동을 측정하는 지표입니다.",1
17,"신용카드 포인트는 현금처럼 사용할 수 있다.",X,"신용카드 포인트는 현금과 동일한 가치는 아니며 특정 조건에서만 사용 가능합니다.",2
18,"주식 배당금에는 세금이 부과되지 않는다.",X,"주식 배당금은 소득세가 부과되며 세율은 개인의 소득 수준에 따라 달라집니다.",2
19,"모든 금융상품은 원금 보장이 된다.",X,"대부분의 금융상품은 원금 보장이 되지 않으며 특히 주식이나 펀드는 손실 위험이 있습니다.",3
20,"주택담보대출의 LTV는 대출금액을 담보가치로 나눈 비율이다.",O,"LTV(Loan To Value)는 대출 금액을 담보 가치로 나눈 비율로 대출 한도를 결정하는 데 사용됩니다.",2
21,"모든 보험상품은 중도해지가 가능하다.",X,"보험상품마다 중도해지 조건이 다르며 일부 상품은 중도해지가 불가능할 수도 있습니다.",3
22,"주식시장에서 '블루칩'은 우량기업의 주식을 의미한다.",O,"블루칩 주식은 안정적이고 신뢰성이 높은 대기업의 주식을 의미합니다.",1
23,"신용등급이 높을수록 대출이 유리하다.",O,"신용등급이 높으면 대출 금리가 낮아지고 대출 한도가 늘어나는 등 유리한 조건을 제공합니다.",2
24,"펀드 투자 시 원금이 보장된다.",X,"펀드는 투자 성과에 따라 원금을 잃을 위험이 있으며 원금 보장은 없습니다.",3
25,"주식시장에서 '상한가'는 하루 동안 오를 수 있는 최대 가격을 의미한다.",O,"상한가는 하루 동안 주식 가격이 상승할 수 있는 최대 한도를 의미합니다.",2
26,"모든 금융상품의 수익률은 세전 기준으로 표시된다.",X,"일부 금융상품은 세후 기준으로 표시되기도 하며 투자자는 세금을 고려해야 합니다.",3
27,"연말정산은 매년 1월에 진행된다.",X,"연말정산은 일반적으로 2월에서 3월 사이에 진행됩니다.",1
28,"주식투자에서 '분산투자'는 위험을 줄이는 방법 중 하나이다.",O,"분산투자는 여러 자산에 투자하여 특정 자산의 위험을 줄이는 전략입니다.",2
29,"신용카드 현금서비스는 일반 대출보다 이자율이 낮다.",X,"신용카드 현금서비스는 일반적으로 높은 이자율을 적용받습니다.",2
30,"연금을 받기 위해서는 반드시 정해진 나이에 도달해야 한다.",O,"연금을 받기 위한 최소 연령 요건이 있으며 보통 만 55세 이상이어야 합니다.",3
31,"모든 대출상품에는 중도상환수수료가 없다.",X,"대출 상품마다 중도상환수수료가 있을 수 있으며 조건에 따라 다릅니다.",3
32,"보험료는 나이가 많을수록 일반적으로 비싸진다.",O,"보험료는 가입자의 나이에 따라 증가하는 경향이 있으며 나이가 많을수록 보험료가 비쌉니다.",1
33,"부동산 투자는 항상 안전한 투자방법이다.",X,"부동산 시장도 변동성이 있으며 항상 안전하다고 할 수 없습니다.",2
34,"주식 거래 시 증권거래세가 부과된다.",O,"주식을 거래할 때 증권거래세가 부과되며 이는 거래 금액의 일정 비율입니다.",1
35,"모든 금융상품에는 가입 시 초기 비용이 발생한다.",X,"일부 금융상품에는 초기 비용이나 가입비가 없기도 합니다.",3
36,"신용카드 결제일 연기는 항상 가능하다.",X,"결제일 연기는 카드사와 협의해야 하며 모든 경우에 허용되지 않습니다.",2
37,"모든 금융상품은 가입 즉시 해지가 가능하다.",X,"가입 후 일정 기간 동안 해지가 불가능한 상품도 존재합니다.",3
38,"주식투자에서 'PER'이 낮을수록 저평가된 주식으로 볼 수 있다.",O,"PER(Price Earnings Ratio)가 낮으면 상대적으로 저평가된 주식으로 판단될 수 있습니다.",2
39,"연금을 받기 위해서는 반드시 정해진 나이에 도달해야 한다.",O,"연금을 받기 위한 최소 연령 요건이 있으며 보통 만 55세 이상이어야 합니다.",3
40,"CPI는 소비자 물가 지수를 의미한다.",O,"CPI(소비자 물가 지수)는 소비자가 구입하는 상품과 서비스의 가격 변동을 측정하는 지표입니다.",1
41,"신용카드 포인트는 현금처럼 사용할 수 있다",X,"신용카드 포인트는 현금과 동일한 가치는 아니며 특정 조건에서만 사용 가능합니다.",2
42,"주식 배당금에는 세금이 부과되지 않는다",X,"주식 배당금은 소득세가 부과되며 세율은 개인의 소득 수준에 따라 달라집니다.",2
43,"모든 금융상품은 원금 보장이 된다",X,"대부분의 금융상품은 원금 보장이 되지 않으며 특히 주식이나 펀드는 손실 위험이 있습니다.",3
44,"주택담보대출의 LTV는 대출금액을 담보가치로 나눈 비율이다",O,"LTV(Loan To Value)는 대출 금액을 담보 가치로 나눈 비율로 대출 한도를 결정하는 데 사용됩니다.",2
45,"모든 보험상품은 중도해지가 가능하다",X,"보험상품마다 중도해지 조건이 다르며 일부 상품은 중도해지가 불가능할 수도 있습니다.",3
46,"주식시장에서 블루칩은 우량기업의 주식을 의미한다",O,"블루칩 주식은 안정적이고 신뢰성이 높은 대기업의 주식을 의미합니다.",1
47,"신용등급이 높을수록 대출이 유리하다",O,"신용등급이 높으면 대출 금리가 낮아지고 대출 한도가 늘어나는 등 유리한 조건을 제공합니다.",2
48,"펀드 투자 시 원금이 보장된다",X,"펀드는 투자 성과에 따라 원금을 잃을 위험이 있으며 원금 보장은 없습니다.",3
49,"주식시장에서 상한가는 하루 동안 오를 수 있는 최대 가격을 의미한다",O,"상한가는 하루 동안 주식 가격이 상승할 수 있는 최대 한도를 의미합니다.",2
50,"모든 금융상품의 수익률은 세전 기준으로 표시된다",X,"일부 금융상품은 세후 기준으로 표시되기도 하며 투자자는 세금을 고려해야 합니다.",3
51,"연말정산은 매년 1월에 진행된다",X,"연말정산은 일반적으로 2월에서 3월 사이에 진행됩니다.",1
52,"주식투자에서 분산투자는 위험을 줄이는 방법 중 하나이다",O,"분산투자는 여러 자산에 투자하여 특정 자산의 위험을 줄이는 전략입니다.",2
53,"신용카드 현금서비스는 일반 대출보다 이자율이 낮다",X,"신용카드 현금서비스는 일반적으로 높은 이자율을 적용받습니다.",2
54,"연금을 받기 위해서는 반드시 정해진 나이에 도달해야 한다",O,"연금을 받기 위한 최소 연령 요건이 있으며 보통 만 55세 이상이어야 합니다.",3
55,"모든 대출상품에는 중도상환수수료가 없다",X,"대출 상품마다 중도상환수수료가 있을 수 있으며 조건에 따라 다릅니다.",3
56,"보험료는 나이가 많을수록 일반적으로 비싸진다",O,"보험료는 가입자의 나이에 따라 증가하는 경향이 있으며 나이가 많을수록 보험료가 비쌉니다.",1
57,"부동산 투자는 항상 안전한 투자방법이다",X,"부동산 시장도 변동성이 있으며 항상 안전하다고 할 수 없습니다.",2
58,"주식 거래 시 증권거래세가 부과된다",O,"주식을 거래할 때 증권거래세가 부과되며 이는 거래 금액의 일정 비율입니다.",1
59,"모든 금융상품에는 가입 시 초기 비용이 발생한다",X,"일부 금융상품에는 초기 비용이나 가입비가 없기도 합니다.",3
60,"신용카드 결제일 연기는 항상 가능하다",X,"결제일 연기는 카드사와 협의해야 하며 모든 경우에 허용되지 않습니다.",2
61,"모든 금융상품은 가입 즉시 해지가 가능하다",X,"가입 후 일정 기간 동안 해지가 불가능한 상품도 존재합니다.",3
62,"주식투자에서 PER이 낮을수록 저평가된 주식으로 볼 수 있다",O,"PER(Price Earnings Ratio)가 낮으면 상대적으로 저평가된 주식으로 판단될 수 있습니다.",2
63,"연금을 받기 위해서는 반드시 정해진 나이에 도달해야 한다",O,"연금을 받기 위한 최소 연령 요건이 있으며 보통 만 55세 이상이어야 합니다.",3
64,"CPI는 소비자 물가 지수를 의미한다",O,"CPI(소비자 물가 지수)는 소비자가 구입하는 상품과 서비스의 가격 변동을 측정하는 지표입니다.",1
65,"신용카드 포인트는 현금처럼 사용할 수 있다",X,"신용카드 포인트는 현금과 동일한 가치는 아니며 특정 조건에서만 사용 가능합니다.",2
66,"주식 배당금에는 세금이 부과되지 않는다",X,"주식 배당금은 소득세가 부과되며 세율은 개인의 소득 수준에 따라 달라집니다.",2
67,"모든 금융상품은 원금 보장이 된다",X,"대부분의 금융상품은 원금 보장이 되지 않으며 특히 주식이나 펀드는 손실 위험이 있습니다.",3
68,"주택담보대출의 LTV는 대출금액을 담보가치로 나눈 비율이다",O,"LTV(Loan To Value)는 대출 금액을 담보 가치로 나눈 비율로 대출 한도를 결정하는 데 사용됩니다.",2
69,"모든 보험상품은 중도해지가 가능하다",X,"보험상품마다 중도해지 조건이 다르며 일부 상품은 중도해지가 불가능할 수도 있습니다.",3
70,"주식시장에서 블루칩은 우량기업의 주식을 의미한다",O,"블루칩 주식은 안정적이고 신뢰성이 높은 대기업의 주식을 의미합니다.",1
71,"신용등급이 높을수록 대출이 유리하다",O,"신용등급이 높으면 대출 금리가 낮아지고 대출 한도가 늘어나는 등 유리한 조건을 제공합니다.",2
72,"펀드 투자 시 원금이 보장된다",X,"펀드는 투자 성과에 따라 원금을 잃을 위험이 있으며 원금 보장은 없습니다.",3
73,"주식시장에서 상한가는 하루 동안 오를 수 있는 최대 가격을 의미한다",O,"상한가는 하루 동안 주식 가격이 상승할 수 있는 최대 한도를 의미합니다.",2
74,"모든 금융상품의 수익률은 세전 기준으로 표시된다",X,"일부 금융상품은 세후 기준으로 표시되기도 하며 투자자는 세금을 고려해야 합니다.",3
75,"연말정산은 매년 1월에 진행된다",X,"연말정산은 일반적으로 2월에서 3월 사이에 진행됩니다.",1
76,"주식투자에서 분산투자는 위험을 줄이는 방법 중 하나이다",O,"분산투자는 여러 자산에 투자하여 특정 자산의 위험을 줄이는 전략입니다.",2
77,"신용카드 현금서비스는 일반 대출보다 이자율이 낮다",X,"신용카드 현금서비스는 일반적으로 높은 이자율을 적용받습니다.",2
78,"연금을 받기 위해서는 반드시 정해진 나이에 도달해야 한다",O,"연금을 받기 위한 최소 연령 요건이 있으며 보통 만 55세 이상이어야 합니다.",3
79,"모든 대출상품에는 중도상환수수료가 없다",X,"대출 상품마다 중도상환수수료가 있을 수 있으며 조건에 따라 다릅니다.",3
80,"보험료는 나이가 많을수록 일반적으로 비싸진다",O,"보험료는 가입자의 나이에 따라 증가하는 경향이 있으며 나이가 많을수록 보험료가 비쌉니다.",1
81,"부동산 투자는 항상 안전한 투자방법이다",X,"부동산 시장도 변동성이 있으며 항상 안전하다고 할 수 없습니다.",2
82,"주식 거래 시 증권거래세가 부과된다",O,"주식을 거래할 때 증권거래세가 부과되며 이는 거래 금액의 일정 비율입니다.",1
83,"모든 금융상품에는 가입 시 초기 비용이 발생한다",X,"일부 금융상품에는 초기 비용이나 가입비가 없기도 합니다.",3
84,"신용카드 결제일 연기는 항상 가능하다",X,"결제일 연기는 카드사와 협의해야 하며 모든 경우에 허용되지 않습니다.",2
85,"모든 금융상품은 가입 즉시 해지가 가능하다",X,"가입 후 일정 기간 동안 해지가 불가능한 상품도 존재합니다.",3
86,"주식투자에서 PER이 낮을수록 저평가된 주식으로 볼 수 있다",O,"PER(Price Earnings Ratio)가 낮으면 상대적으로 저평가된 주식으로 판단될 수 있습니다.",2
87,"환율 변동은 수출입 기업에 직접적인 영향을 미친다",O,"환율 변동은 수출입 기업의 수익성과 경쟁력에 중요한 영향을 줍니다.",3
88,"모든 국가의 중앙은행은 독립적으로 통화정책을 결정할 수 있다",X,"일부 국가는 통화정책 결정에 정부의 영향을 받을 수 있습니다.",3
89,"GDP는 한 국가의 경제 규모를 나타내는 지표이다",O,"국내총생산(GDP)은 한 국가의 경제 규모와 경제 성장을 측정하는 중요한 지표입니다.",1
90,"인플레이션율이 높으면 화폐 가치가 상승한다",X,"인플레이션율이 높으면 화폐의 구매력과 가치가 오히려 하락합니다.",2
91,"주식 배당금은 기업의 이익 분배 방식 중 하나이다",O,"기업은 주주들에게 이익의 일부를 배당금 형태로 분배할 수 있습니다.",1
92,"모든 투자 상품은 원금 손실의 위험이 있다",O,"투자에는 항상 원금 손실의 위험이 존재합니다.",2
93,"신용등급은 개인의 금융 신뢰도를 나타내는 지표이다",O,"신용등급은 개인의 신용도와 대출 상환 능력을 평가하는 중요한 지표입니다.",1
94,"금리 인상은 항상 경제에 부정적인 영향을 미친다",X,"금리 인상은 상황에 따라 긍정적 또는 부정적 영향을 줄 수 있습니다.",3
95,"ETF는 특정 지수를 추종하는 투자 상품이다",O,"ETF(상장지수펀드)는 특정 주가지수의 움직임을 그대로 따라가는 투자 상품입니다.",2
96,"복리는 원금에만 이자가 붙는 방식이다",X,"복리는 원금과 이전에 발생한 이자에도 새로운 이자가 붙는 방식입니다.",2
97,"국제 무역에서 무역수지는 수출액과 수입액의 차이를 의미한다",O,"무역수지는 한 국가의 수출액에서 수입액을 뺀 금액입니다.",3
98,"모든 보험 상품은 세금 혜택이 있다",X,"일부 보험 상품만 세금 혜택을 받을 수 있습니다.",2
99,"주식 시장에서 '공매도'는 주가 상승을 예상할 때 사용하는 전략이다",X,"공매도는 주가 하락을 예상할 때 사용하는 투자 전략입니다.",3
100,"연금 저축은 노후 대비를 위한 금융 상품이다",O,"연금 저축은 은퇴 후 안정적인 수입을 위해 설계된 금융 상품입니다.",1
101,"주식시장에서 '우선주'는 '보통주'보다 의결권이 강하다",X,"우선주는 일반적으로 의결권이 없거나 제한적이지만 배당에서 우선권을 가집니다.",3
102,"모든 국가의 화폐 가치는 동일하다",X,"각 국가의 화폐 가치는 경제 상황, 정책 등에 따라 다릅니다.",1
103,"부동산 투자에서 '갭투자'는 전세금으로 매매대금을 충당하는 방식이다",O,"갭투자는 전세금과 매매가격의 차액만큼만 자금을 투입하는 투자 방식입니다.",2
104,"주식 거래 시 증권거래세는 매수할 때만 부과된다",X,"증권거래세는 주식을 매도할 때 부과됩니다.",2
105,"모든 은행의 예금 금리는 동일하다",X,"은행마다 예금 상품과 금리가 다를 수 있습니다.",1
106,"주식회사의 주주는 회사 부채에 대해 무한책임을 진다",X,"주식회사의 주주는 자신이 투자한 금액 한도 내에서만 책임을 집니다.",2
107,"국민연금은 의무적으로 가입해야 하는 공적연금이다",O,"국민연금은 법에 따라 의무적으로 가입해야 하는 공적연금 제도입니다.",1
108,"모든 대출은 고정금리로만 제공된다",X,"대출에는 고정금리와 변동금리 옵션이 있습니다.",2
109,"주식시장에서 '스톱로스'는 손실을 제한하는 전략이다",O,"스톱로스는 주가가 일정 수준 이하로 떨어지면 자동으로 매도하여 손실을 제한하는 전략입니다.",2
110,"펀드 투자 시 펀드 매니저의 과거 실적이 미래 수익을 보장한다",X,"과거 실적이 좋다고 해서 반드시 미래의 수익을 보장하지는 않습니다.",3
111,"주택담보대출의 DTI는 소득 대비 대출금액의 비율이다",X,"DTI는 소득 대비 모든 대출의 연간 원리금 상환액 비율을 의미합니다.",3
112,"모든 보험 상품은 중도 해지가 가능하다",O,"대부분의 보험 상품은 중도 해지가 가능하지만, 해지 시 불이익이 있을 수 있습니다.",2
113,"주식시장에서 '시가총액'이 큰 기업일수록 안전한 투자대상이다",X,"시가총액이 크다고 해서 반드시 안전한 투자대상은 아닙니다.",2
114,"연금보험의 수익률은 항상 물가상승률보다 높다",X,"연금보험의 수익률이 물가상승률보다 낮을 수 있습니다.",3
115,"신용카드 현금서비스는 이자가 발생하지 않는다",X,"현금서비스는 일반적으로 높은 이자율이 적용됩니다.",1
116,"주식시장에서 '52주 신고가'는 과거 1년 동안의 최고 주가를 의미한다",O,"52주 신고가는 최근 52주 동안의 최고 주가를 의미합니다.",2
117,"모든 대출은 거치기간 없이 즉시 상환을 시작해야 한다",X,"일부 대출 상품은 거치기간을 제공합니다.",2
118,"펀드 투자 시 환매 수수료는 법적으로 의무 사항이다",X,"환매 수수료는 펀드에 따라 다르며, 없는 경우도 있습니다.",3
119,"주식투자에서 '기관투자자'는 개인투자자보다 항상 높은 수익률을 낸다",X,"기관투자자라고 해서 항상 높은 수익률을 내는 것은 아닙니다.",3
120,"보험 가입 시 계약 전 알릴 의무를 위반하면 보험금 지급이 거절될 수 있다",O,"중요한 사항을 고의로 알리지 않거나 사실과 다르게 알린 경우 보험금 지급이 거절될 수 있습니다.",2
121,"주식시장에서 '거래정지'는 해당 주식의 거래가 일시적으로 중단되는 것을 의미한다",O,"거래정지는 특정 사유로 인해 일시적으로 주식 거래가 중단되는 것을 의미합니다.",2
122,"모든 대출은 소득이 있어야만 받을 수 있다",X,"담보대출 등 일부 대출은 소득 증빙 없이도 가능할 수 있습니다.",2
123,"연금저축은 중도해지 시 세금을 추가로 납부해야 할 수 있다",O,"연금저축을 중도해지하면 세금 혜택을 받은 금액에 대해 추가 과세될 수 있습니다.",3
124,"주식투자에서 'ROE'는 자기자본이익률을 의미한다",O,"ROE(Return On Equity)는 자기자본이익률을 나타내는 지표입니다.",3
125,"신용카드 포인트는 영구적으로 유효하다",X,"대부분의 신용카드 포인트는 유효기간이 있습니다.",1
126,"주식시장에서 '스톡옵션'은 임직원에게 주어지는 주식 매수 권리를 의미한다",O,"스톡옵션은 회사가 임직원에게 부여하는 주식 매입 권리입니다.",2
127,"모든 보험상품은 보험금 청구 시 즉시 지급된다",X,"보험금 지급에는 심사 과정이 필요하며 즉시 지급되지 않을 수 있습니다.",2
128,"펀드 투자 시 펀드 매니저의 과거 실적이 미래 수익을 보장한다",X,"과거 실적이 좋다고 해서 반드시 미래의 수익을 보장하지는 않습니다.",3
129,"주택담보대출의 DSR은 총 소득 대비 모든 대출의 원리금 상환액 비율이다",O,"DSR(총부채원리금상환비율)은 연간 소득 대비 모든 대출의 연간 원리금 상환액 비율을 의미합니다.",3
130,"신용카드 할부 결제는 이자가 발생하지 않는다",X,"대부분의 할부 결제에는 이자가 발생합니다.",1
131,"주식투자에서 '액면분할'은 주가를 낮추고 유동성을 높이는 효과가 있다",O,"액면분할은 주식 수를 늘리고 주가를 낮춰 거래 유동성을 높이는 효과가 있습니다.",2
132,"모든 금융상품은 가입 시 수수료가 발생한다",X,"수수료가 없는 금융상품도 존재합니다.",2
133,"연금보험은 중도해지 시 원금이 보장된다",X,"중도해지 시 원금 손실이 발생할 수 있습니다.",2
134,"주식투자에서 '골든크로스'는 단기 이동평균선이 장기 이동평균선을 상향 돌파하는 것을 의미한다",O,"골든크로스는 주가 상승의 신호로 여겨지는 차트 패턴입니다.",3
135,"신용카드 결제일은 변경할 수 없다",X,"대부분의 신용카드사는 결제일 변경을 허용합니다.",1
136,"주식시장에서 '시초가'는 당일 장 시작 시 첫 거래 가격을 의미한다",O,"시초가는 장 시작 시 첫 거래가 이루어진 가격을 의미합니다.",2
137,"모든 대출은 고정금리로만 제공된다",X,"변동금리 대출도 존재합니다.",2
138,"펀드 투자 시 펀드 유형에 따라 위험도가 다르다",O,"펀드 유형에 따라 투자 대상과 전략이 다르므로 위험도도 다릅니다.",2
139,"주식투자에서 '우회상장'은 비상장기업이 상장기업을 인수하여 상장하는 방식이다",O,"우회상장은 비상장기업이 이미 상장된 기업을 인수하여 상장 지위를 얻는 방법입니다.",3
140,"보험 가입 시 보험료는 나이와 상관없이 동일하다",X,"일반적으로 나이가 많을수록 보험료가 높아집니다.",1
141,"주식시장에서 '관리종목'은 상장폐지 가능성이 있는 주식을 의미한다",O,"관리종목은 재무상태 악화 등으로 상장폐지 가능성이 있는 주식을 의미합니다.",2
142,"모든 대출은 소득증빙이 필요하다",X,"담보대출 등 일부 대출은 소득증빙 없이도 가능할 수 있습니다.",2
143,"연금저축은 납입한 원금만큼만 세제혜택을 받을 수 있다",X,"연금저축은 연간 납입한 금액에 대해 세액공제 혜택을 받을 수 있습니다.",3
144,"주식투자에서 'PBR'은 주가를 주당순자산으로 나눈 비율이다",O,"PBR(Price Book-value Ratio)은 주가와 주당순자산의 비율을 나타냅니다.",3
145,"신용카드 현금서비스는 신용한도와 별도로 운영된다",O,"현금서비스 한도는 일반적으로 카드 이용한도와 별도로 책정됩니다.",2
146,"주식시장에서 '불마켓'은 주가가 지속적으로 하락하는 시장을 의미한다",X,"불마켓(Bull Market)은 주가가 지속적으로 상승하는 시장을 의미합니다.",2
147,"모든 보험상품은 보험금 수령 시 세금이 부과된다",X,"보험 유형과 수령 조건에 따라 비과세되는 경우도 있습니다.",3
148,"펀드 투자 시 펀드 자산의 구성 내역을 확인할 수 없다",X,"대부분의 펀드는 정기적으로 자산 구성 내역을 공개합니다.",2
149,"주택담보대출의 만기는 연장할 수 없다",X,"많은 경우 조건에 따라 만기 연장이 가능합니다.",2
150,"신용카드 해외 사용 시 수수료가 발생하지 않는다",X,"대부분의 경우 해외 사용 시 환전 수수료 등이 발생합니다.",1
151,"주식투자에서 '스팩'은 기업인수 목적의 명목회사를 의미한다",O,"스팩(SPAC)은 기업 인수를 목적으로 설립된 페이퍼컴퍼니입니다.",3
152,"모든 금융상품은 가입 즉시 수익이 발생한다",X,"대부분의 금융상품은 시간이 지나야 수익이 발생합니다.",1
153,"연금보험의 보험료는 중간에 변경할 수 없다",X,"많은 연금보험 상품은 보험료 증액 또는 감액이 가능합니다.",2
154,"주식투자에서 '시가총액'이 큰 기업일수록 안전한 투자대상이다",X,"시가총액이 크다고 해서 반드시 안전한 투자대상은 아닙니다.",2
155,"모든 은행의 예금금리는 동일하다",X,"은행마다, 그리고 상품마다 예금금리가 다를 수 있습니다.",1
156,"주식 배당금은 항상 현금으로만 지급된다",X,"주식 배당 등 현금 이외의 형태로도 배당이 이루어질 수 있습니다.",2
157,"인플레이션은 화폐의 구매력을 증가시킨다",X,"인플레이션은 화폐의 구매력을 감소시킵니다.",2
158,"주식시장에서 '공매도'는 주가 상승을 예상할 때 사용하는 전략이다",X,"공매도는 주가 하락을 예상할 때 사용하는 투자 전략입니다.",3
159,"모든 펀드는 원금이 보장된다",X,"대부분의 펀드는 원금 보장이 되지 않으며 투자 위험이 있습니다.",2
160,"신용카드 포인트는 현금과 동일한 가치를 지닌다",X,"신용카드 포인트는 사용처와 조건에 제한이 있어 현금과 완전히 동일하지 않습니다.",2
161,"주택청약통장은 누구나 가입할 수 있다",O,"주택청약통장은 나이 제한 없이 누구나 가입할 수 있습니다.",1
162,"모든 대출은 중도상환이 가능하다",X,"일부 대출 상품은 중도상환에 제한이 있거나 수수료가 부과될 수 있습니다.",2
163,"주식투자에서 '배당수익률'은 주가 대비 배당금의 비율을 의미한다",O,"배당수익률은 주당 배당금을 주가로 나눈 비율입니다.",2
164,"연금저축은 중도인출이 자유롭다",X,"연금저축은 특정 조건에서만 중도인출이 가능하며 불이익이 있을 수 있습니다.",3
165,"환율 상승은 수입 물가를 낮춘다",X,"환율 상승은 일반적으로 수입 물가를 상승시킵니다.",2
166,"주식시장에서 '테마주'는 항상 안전한 투자대상이다",X,"테마주는 단기적으로 큰 변동성을 보일 수 있어 위험할 수 있습니다.",2
167,"신용등급은 한 번 떨어지면 올리기 어렵다",X,"신용등급은 꾸준한 관리를 통해 개선할 수 있습니다.",2
168,"모든 금융상품의 수익률은 세전 기준으로 표시된다",X,"일부 금융상품은 세후 수익률로 표시되기도 합니다.",3
169,"주식투자에서 'PER'이 높을수록 저평가된 주식이다",X,"일반적으로 PER이 낮을수록 저평가된 것으로 볼 수 있습니다.",3
170,"연금보험과 연금저축은 동일한 상품이다",X,"연금보험은 보험 상품이고, 연금저축은 저축 상품으로 차이가 있습니다.",2
171,"주식시장에서 '상한가'는 하루 동안 오를 수 있는 최대 가격을 의미한다",O,"상한가는 하루 동안 주가가 오를 수 있는 최대 한도를 의미합니다.",2
172,"모든 은행의 예금금리는 동일하다",X,"은행마다, 그리고 상품마다 예금금리가 다를 수 있습니다.",1
173,"신용카드 결제일을 연기하면 이자가 발생하지 않는다",X,"결제일 연기 시 대부분 이자가 발생합니다.",2
174,"주식투자에서 '장기투자'가 '단기투자'보다 항상 유리하다",X,"투자 전략은 상황에 따라 다르며, 장기투자가 항상 유리한 것은 아닙니다.",3
175,"펀드 투자 시 환매수수료를 반드시 내야 한다",X,"펀드에 따라 환매수수료가 없는 경우도 있습니다.",2
176,"주택담보대출의 LTV는 대출금액을 담보가치로 나눈 비율이다",O,"LTV(Loan to Value)는 담보가치 대비 대출금액의 비율을 의미합니다.",3
177,"모든 보험상품은 중도해지가 가능하다",O,"대부분의 보험상품은 중도해지가 가능하지만, 불이익이 있을 수 있습니다.",2
178,"주식시장에서 '테마주'는 항상 안전한 투자대상이다",X,"테마주는 단기적으로 큰 변동성을 보일 수 있어 위험할 수 있습니다.",2
179,"신용등급은 한 번 떨어지면 올리기 어렵다",X,"신용등급은 꾸준한 관리를 통해 개선할 수 있습니다.",2
180,"모든 금융상품의 수익률은 세전 기준으로 표시된다",X,"일부 금융상품은 세후 수익률로 표시되기도 합니다.",3
181,"주식투자에서 '배당수익률'은 주가 대비 배당금의 비율을 의미한다",O,"배당수익률은 주당 배당금을 주가로 나눈 비율입니다.",2
182,"연금저축은 중도인출이 자유롭다",X,"연금저축은 특정 조건에서만 중도인출이 가능하며 불이익이 있을 수 있습니다.",3
183,"신용카드 할부 결제는 항상 일시불 결제보다 유리하다",X,"할부 결제는 이자가 발생할 수 있어 항상 유리한 것은 아닙니다.",2
184,"주식시장에서 '시가총액'은 발행주식 수와 주가를 곱한 값이다",O,"시가총액은 총 발행주식 수에 현재 주가를 곱한 값입니다.",2
185,"모든 대출상품은 금리가 고정되어 있다",X,"변동금리 대출상품도 존재합니다.",2
186,"펀드 투자 시 환매 시점의 기준가로 환매금액이 결정된다",O,"펀드 환매 시 환매 신청일의 기준가가 아닌, 실제 환매일의 기준가로 금액이 결정됩니다.",3
187,"주식투자에서 '우선주'는 '보통주'보다 의결권이 강하다",X,"우선주는 일반적으로 의결권이 없거나 제한적이지만, 배당에서 우선권을 가집니다.",3
188,"보험금 청구는 사고 발생 즉시 해야만 한다",X,"보험금 청구에는 일정 기간의 여유가 있으며, 준비 후 청구하는 것이 좋습니다.",2
189,"주식시장에서 '공매도'는 주가 하락을 예상할 때 사용하는 투자 방법이다",O,"공매도는 주가가 하락할 것으로 예상될 때 사용하는 투자 전략입니다.",3
190,"모든 대출은 신용등급과 상관없이 동일한 금리가 적용된다",X,"대출 금리는 일반적으로 신용등급에 따라 다르게 적용됩니다.",2
191,"연금저축은 만 55세 이후부터 수령이 가능하다",O,"연금저축은 일반적으로 만 55세 이후부터 연금 형태로 수령이 가능합니다.",2
192,"주식투자에서 'PER'이 낮을수록 저평가된 주식으로 볼 수 있다",O,"일반적으로 PER이 낮을수록 해당 주식이 저평가되었다고 볼 수 있습니다.",3
193,"신용카드 연회비는 법적으로 의무 납부 사항이다",X,"신용카드 연회비는 카드사 정책에 따라 다르며, 면제되는 경우도 있습니다.",2
194,"주식시장에서 '스윙트레이딩'은 단기 매매를 의미한다",O,"스윙트레이딩은 수일에서 수주 정도의 단기 매매를 의미합니다.",3
195,"모든 보험상품은 중도해지 시 원금이 보장된다",X,"보험상품 중도해지 시 원금 손실이 발생할 수 있습니다.",2
196,"펀드 투자 시 운용보수는 투자자가 직접 지불한다",X,"운용보수는 펀드 자산에서 자동으로 차감되어 지불됩니다.",3
197,"주택담보대출의 DTI는 연소득 대비 연간 원리금 상환액의 비율이다",O,"DTI(총부채상환비율)는 연소득 대비 연간 원리금 상환액의 비율을 의미합니다.",3
198,"신용카드 결제일을 연기하면 항상 이자가 발생한다",O,"결제일 연기 시 대부분의 경우 이자가 발생합니다.",2
199,"주식투자에서 '시장가 주문'은 현재 시장 가격으로 즉시 체결되는 주문이다",O,"시장가 주문은 현재 시장에서 거래되는 가격으로 즉시 체결을 목표로 하는 주문입니다.",2
200,"모든 금융상품은 가입 즉시 해지가 가능하다",X,"일부 금융상품은 의무 가입 기간이 있어 즉시 해지가 불가능할 수 있습니다.",2
201,"주식시장에서 '베어마켓'은 주가가 지속적으로 상승하는 시장을 의미한다",X,"베어마켓은 주가가 지속적으로 하락하는 시장을 의미합니다.",2
202,"연금저축은 중도해지 시 세금 혜택을 모두 반환해야 한다",O,"중도해지 시 그동안 받은 세금 혜택을 추가 납부해야 합니다.",3
203,"주식의 액면가는 실제 거래되는 가격과 항상 동일하다",X,"액면가와 실제 거래가격은 다를 수 있습니다.",2
204,"신용카드 리볼빙 서비스는 일시불 결제를 나누어 갚는 방식이다",O,"리볼빙은 일시불 금액을 분할 상환하는 서비스입니다.",2
205,"주택청약 1순위가 되려면 청약통장 가입 후 6개월이 지나야 한다",O,"대부분의 지역에서 1순위 자격 취득에는 6개월 이상의 가입 기간이 필요합니다.",2
206,"모든 주식 거래에는 증권거래세가 부과된다",X,"일부 거래는 증권거래세가 면제될 수 있습니다.",3
207,"주식시장에서 '스톱리밋 주문'은 손실을 제한하는 주문 방식이다",O,"스톱리밋 주문은 주가가 특정 가격에 도달하면 자동으로 매도하여 손실을 제한합니다.",3
208,"펀드의 환매수수료는 법적으로 의무사항이다",X,"펀드에 따라 환매수수료가 없는 경우도 있습니다.",2
209,"주택담보대출의 LTV 규제는 모든 지역에서 동일하게 적용된다",X,"지역과 주택 가격에 따라 LTV 규제가 다르게 적용될 수 있습니다.",3
210,"신용카드 캐시백은 현금으로 직접 돌려받는 것이다",X,"대부분의 경우 포인트나 할인 형태로 제공됩니다.",2
211,"주식투자에서 '블루칩'은 항상 안전한 투자대상이다",X,"블루칩 주식도 시장 상황에 따라 가치가 하락할 수 있습니다.",2
212,"연금보험은 중도해지 시 원금이 보장된다",X,"중도해지 시 원금 손실이 발생할 수 있습니다.",2
213,"주식시장에서 '거래정지'는 해당 주식의 거래가 영구적으로 중단되는 것을 의미한다",X,"거래정지는 일시적인 조치이며, 조건이 해소되면 거래가 재개됩니다.",2
214,"모든 대출은 소득증빙이 필요하다",X,"담보대출 등 일부 대출은 소득증빙 없이도 가능할 수 있습니다.",2
215,"주식투자에서 'ROE'가 높을수록 항상 좋은 기업이다",X,"ROE가 높더라도 다른 재무지표도 함께 고려해야 합니다.",3
216,"신용카드 포인트는 영구적으로 유효하다",X,"대부분의 신용카드 포인트는 유효기간이 있습니다.",1
217,"주식시장에서 '스톡옵션'은 누구나 받을 수 있다",X,"스톡옵션은 주로 임직원에게 부여되는 혜택입니다.",2
218,"모든 보험상품은 보험금 청구 시 즉시 지급된다",X,"보험금 지급에는 심사 과정이 필요하며 즉시 지급되지 않을 수 있습니다.",2
219,"펀드 투자 시 펀드 매니저의 과거 실적이 미래 수익을 보장한다",X,"과거 실적이 좋다고 해서 반드시 미래의 수익을 보장하지는 않습니다.",3
220,"주택담보대출의 DSR은 총 소득 대비 모든 대출의 원리금 상환액 비율이다",O,"DSR(총부채원리금상환비율)은 연간 소득 대비 모든 대출의 연간 원리금 상환액 비율을 의미합니다.",3
221,"신용카드 할부 결제는 이자가 발생하지 않는다",X,"대부분의 할부 결제에는 이자가 발생합니다.",1
222,"주식투자에서 '액면분할'은 주가를 높이는 효과가 있다",X,"액면분할은 주가를 낮추고 유동성을 높이는 효과가 있습니다.",2
223,"모든 금융상품은 가입 시 수수료가 발생한다",X,"수수료가 없는 금융상품도 존재합니다.",2
224,"연금보험의 보험료는 중간에 변경할 수 없다",X,"많은 연금보험 상품은 보험료 증액 또는 감액이 가능합니다.",2
225,"주식투자에서 '시가총액'이 큰 기업일수록 안전한 투자대상이다",X,"시가총액이 크다고 해서 반드시 안전한 투자대상은 아닙니다.",2
226,"모든 은행의 예금금리는 동일하다",X,"은행마다, 그리고 상품마다 예금금리가 다를 수 있습니다.",1
227,"주식 배당금은 항상 현금으로만 지급된다",X,"주식 배당 등 현금 이외의 형태로도 배당이 이루어질 수 있습니다.",2
228,"인플레이션은 화폐의 구매력을 증가시킨다",X,"인플레이션은 화폐의 구매력을 감소시킵니다.",2
229,"주식시장에서 '공매도'는 주가 상승을 예상할 때 사용하는 전략이다",X,"공매도는 주가 하락을 예상할 때 사용하는 투자 전략입니다.",3
230,"모든 펀드는 원금이 보장된다",X,"대부분의 펀드는 원금 보장이 되지 않으며 투자 위험이 있습니다.",2
231,"신용카드 포인트는 현금과 동일한 가치를 지닌다",X,"신용카드 포인트는 사용처와 조건에 제한이 있어 현금과 완전히 동일하지 않습니다.",2
232,"주택청약통장은 누구나 가입할 수 있다",O,"주택청약통장은 나이 제한 없이 누구나 가입할 수 있습니다.",1
233,"모든 대출은 중도상환이 가능하다",X,"일부 대출 상품은 중도상환에 제한이 있거나 수수료가 부과될 수 있습니다.",2
234,"주식투자에서 '배당수익률'은 주가 대비 배당금의 비율을 의미한다",O,"배당수익률은 주당 배당금을 주가로 나눈 비율입니다.",2
235,"연금저축은 중도인출이 자유롭다",X,"연금저축은 특정 조건에서만 중도인출이 가능하며 불이익이 있을 수 있습니다.",3
236,"환율 상승은 수입 물가를 낮춘다",X,"환율 상승은 일반적으로 수입 물가를 상승시킵니다.",2
237,"주식시장에서 '테마주'는 항상 안전한 투자대상이다",X,"테마주는 단기적으로 큰 변동성을 보일 수 있어 위험할 수 있습니다.",2
238,"신용등급은 한 번 떨어지면 올리기 어렵다",X,"신용등급은 꾸준한 관리를 통해 개선할 수 있습니다.",2
239,"모든 금융상품의 수익률은 세전 기준으로 표시된다",X,"일부 금융상품은 세후 수익률로 표시되기도 합니다.",3
240,"주식투자에서 'PER'이 높을수록 저평가된 주식이다",X,"일반적으로 PER이 낮을수록 저평가된 것으로 볼 수 있습니다.",3
241,"연금보험과 연금저축은 동일한 상품이다",X,"연금보험은 보험 상품이고, 연금저축은 저축 상품으로 차이가 있습니다.",2
242,"주식시장에서 '상한가'는 하루 동안 오를 수 있는 최대 가격을 의미한다",O,"상한가는 하루 동안 주가가 오를 수 있는 최대 한도를 의미합니다.",2
243,"모든 은행의 예금금리는 동일하다",X,"은행마다, 그리고 상품마다 예금금리가 다를 수 있습니다.",1
244,"신용카드 결제일을 연기하면 이자가 발생하지 않는다",X,"결제일 연기 시 대부분 이자가 발생합니다.",2
245,"주식투자에서 '장기투자'가 '단기투자'보다 항상 유리하다",X,"투자 전략은 상황에 따라 다르며, 장기투자가 항상 유리한 것은 아닙니다.",3
246,"펀드 투자 시 환매수수료를 반드시 내야 한다",X,"펀드에 따라 환매수수료가 없는 경우도 있습니다.",2
247,"주택담보대출의 LTV는 대출금액을 담보가치로 나눈 비율이다",O,"LTV(Loan to Value)는 담보가치 대비 대출금액의 비율을 의미합니다.",3
248,"모든 보험상품은 중도해지가 가능하다",O,"대부분의 보험상품은 중도해지가 가능하지만, 불이익이 있을 수 있습니다.",2
249,"주식시장에서 '테마주'는 항상 안전한 투자대상이다",X,"테마주는 단기적으로 큰 변동성을 보일 수 있어 위험할 수 있습니다.",2
250,"신용등급은 한 번 떨어지면 올리기 어렵다",X,"신용등급은 꾸준한 관리를 통해 개선할 수 있습니다.",2
251,"모든 금융상품의 수익률은 세전 기준으로 표시된다",X,"일부 금융상품은 세후 수익률로 표시되기도 합니다.",3
252,"주식투자에서 '배당수익률'은 주가 대비 배당금의 비율을 의미한다",O,"배당수익률은 주당 배당금을 주가로 나눈 비율입니다.",2
253,"연금저축은 중도인출이 자유롭다",X,"연금저축은 특정 조건에서만 중도인출이 가능하며 불이익이 있을 수 있습니다.",3
254,"신용카드 할부 결제는 항상 일시불 결제보다 유리하다",X,"할부 결제는 이자가 발생할 수 있어 항상 유리한 것은 아닙니다.",2
255,"주식시장에서 '시가총액'은 발행주식 수와 주가를 곱한 값이다",O,"시가총액은 총 발행주식 수에 현재 주가를 곱한 값입니다.",2
256,"모든 대출상품은 금리가 고정되어 있다",X,"변동금리 대출상품도 존재합니다.",2
257,"펀드 투자 시 환매 시점의 기준가로 환매금액이 결정된다",O,"펀드 환매 시 환매 신청일의 기준가가 아닌, 실제 환매일의 기준가로 금액이 결정됩니다.",3
258,"주식투자에서 '우선주'는 '보통주'보다 의결권이 강하다",X,"우선주는 일반적으로 의결권이 없거나 제한적이지만, 배당에서 우선권을 가집니다.",3
259,"보험금 청구는 사고 발생 즉시 해야만 한다",X,"보험금 청구에는 일정 기간의 여유가 있으며, 준비 후 청구하는 것이 좋습니다.",2
260,"주식시장에서 '공매도'는 주가 하락을 예상할 때 사용하는 투자 방법이다",O,"공매도는 주가가 하락할 것으로 예상될 때 사용하는 투자 전략입니다.",3
261,"모든 대출은 신용등급과 상관없이 동일한 금리가 적용된다",X,"대출 금리는 일반적으로 신용등급에 따라 다르게 적용됩니다.",2
262,"연금저축은 만 55세 이후부터 수령이 가능하다",O,"연금저축은 일반적으로 만 55세 이후부터 연금 형태로 수령이 가능합니다.",2
263,"주식투자에서 'PER'이 낮을수록 저평가된 주식으로 볼 수 있다",O,"일반적으로 PER이 낮을수록 해당 주식이 저평가되었다고 볼 수 있습니다.",3
264,"신용카드 연회비는 법적으로 의무 납부 사항이다",X,"신용카드 연회비는 카드사 정책에 따라 다르며, 면제되는 경우도 있습니다.",2
265,"주식시장에서 '스윙트레이딩'은 단기 매매를 의미한다",O,"스윙트레이딩은 수일에서 수주 정도의 단기 매매를 의미합니다.",3
266,"모든 보험상품은 중도해지 시 원금이 보장된다",X,"보험상품 중도해지 시 원금 손실이 발생할 수 있습니다.",2
267,"펀드 투자 시 운용보수는 투자자가 직접 지불한다",X,"운용보수는 펀드 자산에서 자동으로 차감되어 지불됩니다.",3
268,"주택담보대출의 DTI는 연소득 대비 연간 원리금 상환액의 비율이다",O,"DTI(총부채상환비율)는 연소득 대비 연간 원리금 상환액의 비율을 의미합니다.",3
269,"신용카드 결제일을 연기하면 항상 이자가 발생한다",O,"결제일 연기 시 대부분의 경우 이자가 발생합니다.",2
270,"주식투자에서 '시장가 주문'은 현재 시장 가격으로 즉시 체결되는 주문이다",O,"시장가 주문은 현재 시장에서 거래되는 가격으로 즉시 체결을 목표로 하는 주문입니다.",2
271,"모든 금융상품은 가입 즉시 해지가 가능하다",X,"일부 금융상품은 의무 가입 기간이 있어 즉시 해지가 불가능할 수 있습니다.",2
272,"주식시장에서 '베어마켓'은 주가가 지속적으로 상승하는 시장을 의미한다",X,"베어마켓은 주가가 지속적으로 하락하는 시장을 의미합니다.",2
273,"연금저축은 중도해지 시 세금 혜택을 모두 반환해야 한다",O,"중도해지 시 그동안 받은 세금 혜택을 추가 납부해야 합니다.",3
274,"주식의 액면가는 실제 거래되는 가격과 항상 동일하다",X,"액면가와 실제 거래가격은 다를 수 있습니다.",2
275,"신용카드 리볼빙 서비스는 일시불 결제를 나누어 갚는 방식이다",O,"리볼빙은 일시불 금액을 분할 상환하는 서비스입니다.",2
276,"주택청약 1순위가 되려면 청약통장 가입 후 6개월이 지나야 한다",O,"대부분의 지역에서 1순위 자격 취득에는 6개월 이상의 가입 기간이 필요합니다.",2
277,"모든 주식 거래에는 증권거래세가 부과된다",X,"일부 거래는 증권거래세가 면제될 수 있습니다.",3
278,"주식시장에서 '스톱리밋 주문'은 손실을 제한하는 주문 방식이다",O,"스톱리밋 주문은 주가가 특정 가격에 도달하면 자동으로 매도하여 손실을 제한합니다.",3
279,"펀드의 환매수수료는 법적으로 의무사항이다",X,"펀드에 따라 환매수수료가 없는 경우도 있습니다.",2
280,"주택담보대출의 LTV 규제는 모든 지역에서 동일하게 적용된다",X,"지역과 주택 가격에 따라 LTV 규제가 다르게 적용될 수 있습니다.",3
281,"신용카드 캐시백은 현금으로 직접 돌려받는 것이다",X,"대부분의 경우 포인트나 할인 형태로 제공됩니다.",2
282,"주식투자에서 '블루칩'은 항상 안전한 투자대상이다",X,"블루칩 주식도 시장 상황에 따라 가치가 하락할 수 있습니다.",2
283,"연금보험은 중도해지 시 원금이 보장된다",X,"중도해지 시 원금 손실이 발생할 수 있습니다.",2
284,"주식시장에서 '거래정지'는 해당 주식의 거래가 영구적으로 중단되는 것을 의미한다",X,"거래정지는 일시적인 조치이며, 조건이 해소되면 거래가 재개됩니다.",2
285,"모든 대출은 소득증빙이 필요하다",X,"담보대출 등 일부 대출은 소득증빙 없이도 가능할 수 있습니다.",2
286,"주식투자에서 'ROE'가 높을수록 항상 좋은 기업이다",X,"ROE가 높더라도 다른 재무지표도 함께 고려해야 합니다.",3
287,"신용카드 포인트는 영구적으로 유효하다",X,"대부분의 신용카드 포인트는 유효기간이 있습니다.",1
288,"주식시장에서 '스톡옵션'은 누구나 받을 수 있다",X,"스톡옵션은 주로 임직원에게 부여되는 혜택입니다.",2
289,"모든 보험상품은 보험금 청구 시 즉시 지급된다",X,"보험금 지급에는 심사 과정이 필요하며 즉시 지급되지 않을 수 있습니다.",2
290,"펀드 투자 시 펀드 매니저의 과거 실적이 미래 수익을 보장한다",X,"과거 실적이 좋다고 해서 반드시 미래의 수익을 보장하지는 않습니다.",3
291,"주택담보대출의 DSR은 총 소득 대비 모든 대출의 원리금 상환액 비율이다",O,"DSR(총부채원리금상환비율)은 연간 소득 대비 모든 대출의 연간 원리금 상환액 비율을 의미합니다.",3
292,"신용카드 할부 결제는 이자가 발생하지 않는다",X,"대부분의 할부 결제에는 이자가 발생합니다.",1
293,"주식투자에서 '액면분할'은 주가를 높이는 효과가 있다",X,"액면분할은 주가를 낮추고 유동성을 높이는 효과가 있습니다.",2
294,"모든 금융상품은 가입 시 수수료가 발생한다",X,"수수료가 없는 금융상품도 존재합니다.",2
295,"연금보험의 보험료는 중간에 변경할 수 없다",X,"많은 연금보험 상품은 보험료 증액 또는 감액이 가능합니다.",2
296,"주식투자에서 '시가총액'이 큰 기업일수록 안전한 투자대상이다",X,"시가총액이 크다고 해서 반드시 안전한 투자대상은 아닙니다.",2
297,"모든 은행의 예금금리는 동일하다",X,"은행마다, 그리고 상품마다 예금금리가 다를 수 있습니다.",1
298,"주식 배당금은 항상 현금으로만 지급된다",X,"주식 배당 등 현금 이외의 형태로도 배당이 이루어질 수 있습니다.",2
299,"인플레이션은 화폐의 구매력을 증가시킨다",X,"인플레이션은 화폐의 구매력을 감소시킵니다.",2
300,"주식시장에서 '공매도'는 주가 상승을 예상할 때 사용하는 전략이다",X,"공매도는 주가 하락을 예상할 때 사용하는 투자 전략입니다.",3