company,product_name,saving_method,pre_tax_interest_rate,post_tax_interest_rate,max_preference_rate,eligibility,interest_calculation_method,inquiry_info,comparison_disclosure_date,department_contact,preferential_conditions,detailed_eligibility,application_method,post_maturity_interest_rate,other_considerations,product_link,id,institution_type
국민은행,KB 특★한 적금,자유적립식,2.0,1.69,6.0,제한없음,단리,"국민은행
(홈페이지)
15889999
(대표번호)",2024-10-21,"(예금)수신상품부(P), 02-1588-9999
(대출)개인여신부(P), 02-1588-9999","항목별 적용 조건 충족시, 최고 연 4.0%p
① 목표달성 축하 우대이율: 최고 연 1.0%p
50만원 이하: 연 0.5%p, 50만원 초과: 연 1.0%p
② 별 모으기 우대이율 : 최고 연 1.0%p
10개: 연 0.5%p, 20개: 연 1.0%p
③ 함께해요 우대이율: 최고 연 2.0%p",제한없음,스마트폰,"- 1개월 이내 : 기본이율 X 50%
- 1개월 초과  ~ 3개월 이내 : 기본이율 X 30%
- 3개월 초과 : 0.1%","개인사업자, 임의단체 및
공동명의 가입 불가
(1인 최대 3계좌)",https://obank.kbstar.com/quics?page=C016613&cc=b061496:b061645&isNew=N&prcode=DP01001566,1,은행
전북은행,3초 플레이 적금,정액적립식,2.0,1.69,6.0,제한없음,단리,"전북은행
(홈페이지)
15884477
(대표번호)",2024-10-21,"수신추진부,
063-250-7469
여신기획부,
063-250-7370
* 실제 상담은 인근 영업점이나 당행 콜센터(1588-4477)로 문의","1. 만기 전전월까지 게임 50회 참여시 0.9%
2. 3초 플레이 적금 게임에 참여하여 획득한 점수 총 합에 따라 추가 우대금리 (연0.5% ~ 연3.0%)
3. 가입기간 내 오픈뱅킹을 통해 계좌 추가 등록/유지시 우대 0.1%
※거래실적 인정기준 세부내용은 홈페이지 참조",제한없음,스마트폰,"√만기후 1개월이내 경과분 : 만기일 현재 계약기간별 정기적금(정액적립식) 실행이율의 1/2
√만기후 1개월초과 경과분 : 연 0.1%","계약기간 6개월
월별 적립한도 5만원 이상 최고 50만원 이하 (1인 1계좌)",https://m.jbbank.co.kr/s/EMD5XP,2,은행
주식회사 카카오뱅크,카카오뱅크 26주적금,자유적립식,2.5,2.12,5.5,제한없음,단리,"주식회사 카카오뱅크
(홈페이지)
15993333
(대표번호)",2024-10-21,"수신팀 1599-3333
여신팀 1599-3333","자동이체 연속 성공 우대금리 제공 : 최고 연 3.00%p
- 제공조건
① 7주차까지 자동이체 납입을 연속 성공하고 만기해지 하는 경우 연 1.00%p 제공
② 26주차까지 자동이체 납입을 연속 성공하고 만기해지 하는 경우 연 2.00%p 추가 제공
- 유의사항 : 자동이체 실패한 주차를 빈자리채우기 하여도 성공으로 인정되지 않음",제한없음,스마트폰,"- 만기 후 1개월 이내 : 가입시점 기본금리x50%
- 만기 후 1개월초과 3개월 이내 : 가입시점 기본금리x30%
- 만기 후 3개월 초과 : 0.20%","1. 가입방법 : 스마트폰
2. 가입금액 : 1천원, 2천원, 3천원, 5천원, 1만원
3. 가입기간 : 6개월
4. 26주적금서비스(자동이체)를 통해서 납입이 가능하며, 그 외의 입금은 모두 제한됨
(단, 26주적금 서비스를 통한 납입 실패 시 빈자리 채우기로 납입 가능)",https://www.kakaobank.com/products/26weeks,3,은행
경남은행,오늘도세이브적금,자유적립식,3.45,2.92,5.2,제한없음,단리,"경남은행
(홈페이지)
16008585
(대표번호)",2024-10-21,"리테일금융부(대출문의),055-290-8743
고객기획부(예·적금상품),1600-8585","①마케팅동의 0.15%
②목돈마련 축하이율 0.30~1.00%
③친구 추천번호 0.30~0.60%",제한없음,"인터넷,스마트폰,기타","만기후 1개월 이내: 일반정기예금 기본이율의 50%
만기후 1개월 초과: 일반정기예금 기본이율의 20%","1. 계약기간은 1개월 이상 6개월 이내 월단위로 한다.
2. 초입금 일 1천원 이상 10만원 이하 자유롭게 저축
3. 최대 저축횟수는 999회 이내",https://m.knbank.co.kr/ib20/mnu/MBWSFM030103000?ib20_wc=MBWSFM024JNGV01M:MBWSFM024JNGV02M&ib20_cur_mnu=MBWSFM030000000&ib20_cur_wgt=MBWCMM003TMPV10M&FNC_PRD_NO=0000209247,4,은행
제주은행,jbank 저금통적금,자유적립식,2.95,2.5,5.05,제한없음,단리,"제주은행
(홈페이지)
15880079
(대표번호)",2024-10-30,"상품솔루션부, 064-720-0287","* 거래조건에 따라 최고 2.1%p 우대금리 적용
① 자투리 출금계좌 평잔 50만원 이상 유지 : 0.8%p
② 첫거래고객 or JBANK저금통적금 1개월 내 재신규 : 0.5%p
③ 신규가입 시점에서 적금 목표금액 최소 30만원 이상 설정하고, 적금 신규일로부터 3개월 내 잔액이 목표금액 이상인 경우 :0.5%p
④ 추천인 우대금리 : 0.30%p",제한없음,"인터넷,스마트폰","- 만기후 1개월 이내 : (일반)정기적금 기본이자율의 50%
(단, 최저금리 0.1%)
- 만기후 1개월 초과 3개월 이내 : (일반)정기적금 기본이자율의 25%
(단, 최저금리 0.1%)
- 만기후 3개월 초과 : 0.1%",월 납입한도 50만원 이하,https://www.jejubank.co.kr/hmpg/prdGdnc/sid/mndp.do?mode=detail&prdId=SID_1a87a4fc6f7341268d831b053f94d0f0,5,은행
제주은행,탐이나요적금,자유적립식,2.1,1.78,4.8,제한없음,단리,"제주은행
(홈페이지)
15880079
(대표번호)",2024-10-30,"상품솔루션부, 064-720-0287","우대요건 충족시 최고 2.7%p 추가 우대(만기시 제공)매월 JBANK로그인 시 0.2%,한 가지라도 수행시 2.5% 제공①추천인 코드로 3명 이상 가입시 ②탐나는전 체크카드 월30만원 이상 사용 유지 ③탐나는전 선불카드 충전계좌를 당행 입출금계좌로 등록 후 평잔 50만원 이상 유지 시",제한없음,"인터넷,스마트폰","- 만기후 1개월 이내 : (일반)정기적금 기본이자율의 50%
(단, 최저금리 0.1%)
- 만기후 1개월 초과 3개월 이내 : (일반)정기적금 기본이자율의 25%
(단, 최저금리 0.1%)
- 만기후 3개월 초과 : 0.1%",월 납입한도 100만원 이하,https://www.jejubank.co.kr/hmpg/prdGdnc/sid/mndp.do?mode=detail&prdId=SID_c729d764de1d42039f2101ee0846f733,6,은행
경남은행,BNK 위더스자유적금,자유적립식,2.25,1.9,4.75,제한없음,단리,"경남은행
(홈페이지)
16008585
(대표번호)",2024-10-21,"리테일금융부(대출문의),055-290-8743
고객기획부(예·적금상품),1600-8585","①ESG 실천 우대금리 0.50%
②신규고객 우대금리 0.50%
- 당행 1년 이내예적금(청약포함)신규해지 이력미보유
③공동가입우대금리 1.50%",제한없음,"영업점,인터넷,스마트폰,기타","만기후 1개월 이내: 일반정기예금 기본이율의 50%
만기후 1개월 초과: 일반정기예금 기본이율의 20%","1.계약기간은 1개월 이상 36개월 이하 월단위로 한다.
2..1인 1계좌로 가입가능
2.매월 최소 1만원 이상, 최고 월 100만원 이하 (천원 단위)",https://m.knbank.co.kr/ib20/mnu/MBWSFM030103000?ib20_wc=MBWSFM024JNGV01M:MBWSFM024JNGV02M&ib20_cur_mnu=MBWSFM030000000&ib20_cur_wgt=MBWSFM024JNGV01M&fnc_prd_no=0000202492,7,은행
중소기업은행,IBK D-day적금(자유적립식),자유적립식,3.1,2.62,4.6,제한없음,단리,"중소기업은행
(홈페이지)
15662566
(대표번호)",2024-10-21,고객 문의 1566-2566,"최고 연 1.5%p
1. 목표달성 축하금리 : 연 1.0%p
- 당행 입출금식 계좌에서 이 적금으로 자동이체를 통해 3회 이상 납입하고 만기일 전일까지 목표금액(신규 시 직접 설정) 이상 납입하는 경우
2. 최초거래고객 우대금리 : 연 0.5%p",제한없음,스마트폰,"만기일 당시 정기적금 만기후금리 적용
- 1개월 이내: 만기일 당시 약정금리x50%
- 1월 초과 6개월 이내: 만기일 당시 약정금리x30%
- 6개월 초과: 만기일 당시 약정금리x20%","1인당 3계좌 가입 가능하며, 계좌당 20만원 이내 납입 가능",http://mybank.ibk.co.kr/uib/jsp/index.jsp,8,은행
토스뱅크 주식회사,토스뱅크 굴비 적금,자유적립식,2.0,1.69,4.5,제한없음,단리,"토스뱅크 주식회사
(홈페이지)
16617654
(대표번호)",2024-10-21,"수신 02-6713-1951
여신 02-6713-1970",· 만기 해지 시 : 연 2.50% 제공,제한없음,스마트폰,"· 만기 후 1개월 이내 : 만기시점 기본금리 X 50%
· 만기 후 1개월 초과 3개월 이내 : 만기시점 기본금리 X 20%
· 만기 후 3개월 초과 : 연 0.10%","· 1인 1계좌 (단, 이벤트 등으로 토스뱅크가 복수의 계좌개설을 허용하는 경우 추가 개설 가능)
· 가입금액 : 0원
· 우대금리는 만기 해지하는 경우에만 제공됨",https://www.tossbank.com/product-service/savings/savings-gulbi,9,은행
농협은행주식회사,NH올원e 미니적금,자유적립식,2.75,2.33,4.45,제한없음,단리,"농협은행주식회사
(홈페이지)
16613000
(대표번호)",2024-11-14,"개인고객부, 02-2080-3397(개인 여신 상품), 3369(개인 수신 상품)","1. 자동이체 입금횟수 우대금리 : 최고 0.5%p
- 5회이상 : 0.2%p, 10회이상 : 0.3%p, 15회이상 0.5%p
2. 목표금액 달성 축하금리  : 0.5%p
3. MZ세대(만 19~34세)) 우대금리 : 0.5%p
4. 직전 1년간 당행 예적금(청약포함) 미보유 고객 : 0.2%p",제한없음,스마트폰,"만기후 1년 이내 : 만기시점 계약기간별 자유로우대적금 기본금리의 1/2
만기후 1년 초과 : 보통예금 금리","가입기간 1개월 이상 6개월 이하(일 단위)
초입금 및 매일 1천원이상  5만원이내(천원 단위)",https://smartmarket.nonghyup.com/content/html/sf/cn/sfgateway.html?NAVIGATE_TYPE=1&SERVICE_ID=SFSD0130R&detailPsnFncWrsC=10001236,10,은행
광주은행,해피라이프_여행스케치적금V,정액적립식,2.9,2.45,4.1,제한없음,단리,"광주은행
(홈페이지)
15883388
(대표번호)",2024-10-21,"영업추진부 수신지원팀 062-239-5206          여신지원팀 062-239-6509
카드사업부 062-239-6107
*실제 상담은 인근영업점이나 당행 콜센터(1588-3388)로 문의","▶ 최고우대금리 1.20%p
①해피라이프_여행스케치외화적금V 동일자가입 0.5%p
②해지원금 기준 500만원이상 : 최고0.2%p
③신용(체크)카드사용실적300만원이상:최고 0.3%p
④개인(신용)정보 동의: 0.2%p",제한없음,"영업점,스마트폰","*만기후 1개월 이내: 만기일 당시 최초 가입 기간별 고시금리의 1/2
*만기후 1개월 초과: 0.1%","1. 가입기간 : 6개월이상 3년제
2. 가입금액 : 월5만원 이상 5백만원 이하 (1인1계좌)",https://finlife.fss.or.kr/finlife/svings/fdrmEnty/www.kjbank.com/ib20/mnu/FPMDPTR030100?INBN_GDS_NO=DEP20220520001,11,은행
경남은행,BNK더조은자유적금,자유적립식,3.35,2.83,4.05,제한없음,단리,"경남은행
(홈페이지)
16008585
(대표번호)",2024-10-21,"리테일금융부(대출문의),055-290-8743
고객기획부(예·적금상품),1600-8585","①오픈뱅킹서비스 가입 0.20%(만기까지 유지)
②당행 입출금통장에서 자동이체시 입금건별 0.20%
③이 상품 신규시 금리우대쿠폰을 등록할 경우 0.30%",제한없음,"인터넷,스마트폰","만기후 1개월 이내: 일반정기예금 기본이율의 50%
만기후 1개월 초과: 일반정기예금 기본이율의 20%","1. 계약기간은 6개월 이상 2년 이내 월단위로 한다.
2. 초입금 1만원 이상 월별 500만원 이내에서 자유롭게 저축
3. 최대 저축횟수는 999회 이내",https://www.knbank.co.kr/ib20/mnu/FPMDPT020108000?ib20_wc=FPMDPT110LSTV00M:FPMDPT221DETV00M&ib20_cur_mnu=FPMDPT020108000&ib20_cur_wgt=FPMDPT110LSTV00M&FNC_PRD_NO=0000020178&FNC_PRD_DIS_CD=01,12,은행
주식회사 케이뱅크,주거래우대 자유적금,자유적립식,3.4,2.88,4.0,제한없음,단리,"주식회사 케이뱅크
(홈페이지)
15221000
(대표번호)",2024-10-21,"수신팀, 02-3210-7312","급여이체 또는 통신비 자동이체, 체크카드 고객에게 우대금리 제공 (최고 연 0.6%)",제한없음,스마트폰,"만기 후
- 1개월 이내: 만기시점 기본금리 X 50%
- 1개월 초과 ~ 6개월 이내: 만기시점 기본금리 X 30%
- 6개월 초과: 연 0.20%","가입금액: 1천원 이상 300만원 이하
가입기간: 6개월 ~ 36개월
(1인 최대 3계좌)",,13,은행
토스뱅크 주식회사,토스뱅크 키워봐요 적금,자유적립식,2.0,1.69,4.0,제한없음,단리,"토스뱅크 주식회사
(홈페이지)
16617654
(대표번호)",2024-10-21,"수신 02-6713-1951
여신 02-6713-1970",· 적금 가입 시 설정되는 주 단위 자동이체를 통하여 25회 이상 적립한 경우 : 연 2.00% 제공,제한없음,스마트폰,"· 만기 후 1개월 이내 : 만기시점 기본금리 X 50%
· 만기 후 1개월 초과 3개월 이내 : 만기시점 기본금리 X 20%
· 만기 후 3개월 초과 : 연 0.10%","· 1인 1계좌 (단, 이벤트 등으로 토스뱅크가 복수의 계좌개설을 허용하는 경우 추가 개설 가능)
· 가입금액 : 0원
· 우대금리는 우대조건을 달성하고 만기 해지하는 경우에만 제공됨",,14,은행
광주은행,해피라이프_여행스케치적금V,자유적립식,2.7,2.28,3.9,제한없음,단리,"광주은행
(홈페이지)
15883388
(대표번호)",2024-10-21,"영업추진부 수신지원팀 062-239-5206          여신지원팀 062-239-6509
카드사업부 062-239-6107
*실제 상담은 인근영업점이나 당행 콜센터(1588-3388)로 문의","▶ 최고우대금리 1.20%p
①해피라이프_여행스케치외화적금V 동일자가입 0.5%p
②해지원금 기준 500만원이상 : 최고0.2%p
③신용(체크)카드사용실적300만원이상:최고 0.3%p
④개인(신용)정보 동의: 0.2%p",제한없음,"영업점,스마트폰","*만기후 1개월 이내: 만기일 당시 최초 가입 기간별 고시금리의 1/2
*만기후 1개월 초과: 0.1%","1. 가입기간 : 6개월이상 3년제
2. 가입금액 : 월5만원 이상 5백만원 이하 (1인1계좌)",,15,은행
아이엠뱅크,내가만든 보너스적금,자유적립식,2.95,2.5,3.75,제한없음,단리,"아이엠뱅크
(홈페이지)
15885050
(대표번호)",2024-10-21,"개인여신부, 053-740-2230                                수신기획부, 053-740-2162","* 최고우대금리 : 연0.80%p
- 인터넷/모바일뱅킹으로 신규 : 연0.20%p
- 상품 가입 전 마케팅활용[개인(신용)정보수집이용동의] 전체 동의 : 연0.20%p
(계약기간 1년인 경우 만기일 기준)
- 당행 계좌로 자동이체 8회 이상 입금 : 연0.20%p
- 원금합계 100만원 이상 : 연0.10%p 또는 원금합계 200만원 이상 : 연0.20%p",제한없음,"영업점,인터넷,스마트폰","만기 후 1개월 미만 경과: 약정이자율 x 50%
만기 후 3개월 미만 경과: 약정이자율 x 25%
만기 후 3개월 이상 경과: 약정이자율 x 10%","1계좌당 가입한도 : 월20만원
(최저 1만원 이상)",,16,은행
주식회사 카카오뱅크,카카오뱅크 자유적금,자유적립식,3.3,2.79,3.5,제한없음,단리,"주식회사 카카오뱅크
(홈페이지)
15993333
(대표번호)",2024-10-21,"수신팀 1599-3333
여신팀 1599-3333","자동이체시 우대금리 제공 : 연 0.20%p
- 제공조건 : 전체 계약월수의 1/2이상을 자동이체로 납입하고 만기 해지하는 경우
- 유의사항 : 만기 자동연장된 원리금은 우대금리를 제공하지 않음",제한없음,스마트폰,"- 만기 후 1개월 이내 : 가입(또는 자동연장)시점 기본금리x50%
- 만기 후 1개월초과 3개월 이내 : 가입(또는 자동연장)시점 기본금리x30%
- 만기 후 3개월 초과 : 0.20%","1. 가입방법 : 스마트폰
2. 가입금액 : 1천원 이상(원단위)
3. 가입기간 : 6개월 이상 ~ 36개월 이하(월, 일단위 지정 가능)
4. 월 적립한도 : 1천원 이상 월 300만원 이하 원단위(단, 자동연장된 원리금은 월 적립한도에 포함되지 않음)",,17,은행
주식회사 케이뱅크,코드K 자유적금,자유적립식,3.5,2.96,3.5,제한없음,단리,"주식회사 케이뱅크
(홈페이지)
15221000
(대표번호)",2024-10-21,"수신팀, 02-3210-7312",금리우대 코드를 입력하는 경우 우대금리 적용,제한없음,스마트폰,"만기 후
- 1개월 이내: 만기시점 기본금리 X 50%
- 1개월 초과 ~ 6개월 이내: 만기시점 기본금리 X 30%
- 6개월 초과: 연 0.20%","가입금액: 1만원 이상 30만원 이하
가입기간: 6개월, 1년, 2년, 3년
(1인 최대 3계좌)",,18,은행
부산은행,저탄소 실천 적금,자유적립식,2.9,2.45,3.3,제한없음,단리,"부산은행
(홈페이지)
15886200
(대표번호)",2024-10-21,"(예금)수신고객부, 051-620-3339
(대출)여신고객부, 051-620-3423
실제 상담은 인근 영업점이나 당행 콜센터(1588-6200)로 문의","조건 달성여부에 따라 우대금리 적용
*개인형 우대이율: 최대0.4%
*기업형(개인사업자 및 법인)우대이율: 최대0.4%",제한없음,"영업점,인터넷,스마트폰","- 만기후 1년이내:가입기간별 일반정기적금 기본이율 x 50%
- 만기후 1년초과:가입기간별 일반정기적금 기본이율 x 20%","1. 가입한도: 월 1만원 이상 1천만원 이하 원단위 (월 1천만원 이하 불입 가능)
2. 자유적립식",,19,은행
부산은행,펫 적금,정액적립식,2.7,2.28,3.25,제한없음,단리,"부산은행
(홈페이지)
15886200
(대표번호)",2024-10-21,"(예금)수신고객부, 051-620-3339
(대출)여신고객부, 051-620-3423
실제 상담은 인근 영업점이나 당행 콜센터(1588-6200)로 문의","*우대이율 6개월제 최대 0.55%, 12개월제 최대 0.90%",제한없음,"영업점,스마트폰","- 만기후 1년이내:가입기간별 일반정기적금 기본이율 x 50%
- 만기후 1년초과:가입기간별 일반정기적금 기본이율 x 20%","1. 가입한도: 월 1만원 이상 50만원 이하 원단위
2. 정기적립식",,20,은행
부산은행,펫 적금,자유적립식,2.6,2.2,3.15,제한없음,단리,"부산은행
(홈페이지)
15886200
(대표번호)",2024-10-21,"(예금)수신고객부, 051-620-3339
(대출)여신고객부, 051-620-3423
실제 상담은 인근 영업점이나 당행 콜센터(1588-6200)로 문의","*우대이율 6개월제 최대 0.55%, 12개월제 최대 0.90%",제한없음,"영업점,스마트폰","- 만기후 1년이내:가입기간별 일반정기적금 기본이율 x 50%
- 만기후 1년초과:가입기간별 일반정기적금 기본이율 x 20%","1. 가입한도: 월 1만원 이상 50만원 이하 원단위
2. 자유적립식",,21,은행
부산은행,BNK내맘대로 적금,자유적립식,2.9,2.45,3.1,제한없음,단리,"부산은행
(홈페이지)
15886200
(대표번호)",2024-10-21,"(예금)수신고객부, 051-620-3339
(대출)여신고객부, 051-620-3423
실제 상담은 인근 영업점이나 당행 콜센터(1588-6200)로 문의","*우대이율 최대 0.2%
- 신규시 우대이율 0.05% 및 해지시 우대이율 최대 0.15%",제한없음,"영업점,인터넷,스마트폰","- 만기후 1년이내:가입기간별 일반정기적금 기본이율 x 50%
- 만기후 1년초과:가입기간별 일반정기적금 기본이율 x 20%","1. 가입금액 :
1천원 이상
2. 가입기간 :
6개월 이상 60개월 이하(일단위)",,22,은행
아이엠뱅크,iM스마트적금,자유적립식,2.65,2.24,3.1,제한없음,단리,"아이엠뱅크
(홈페이지)
15885050
(대표번호)",2024-10-21,"개인여신부, 053-740-2230                                수신기획부, 053-740-2162","* 최고우대금리 : 연0.45%p
- 가입일로부터 3개월 이내 1가지 이상 요건 충족시 : 연0.20%p
① 당행 주택청약종합저축 보유
② 당행 신용(체크)카드 결제실적 보유(결제금액 출금기준)
- 전체 계약월수 중 1/2이상 당행 계좌에서 자동이체 납입 시 : 연0.20%p
* 해당 상품을 인터넷/모바일뱅킹을 통해 가입 : 연0.05%p",제한없음,"인터넷,스마트폰","만기 후 1개월 미만 경과: 약정이자율 x 50%
만기 후 3개월 미만 경과: 약정이자율 x 25%
만기 후 3개월 이상 경과: 약정이자율 x 10%",1계좌당 가입한도 : 월 100만원(최저 5만원 이상),,23,은행
하나은행,내맘적금,정액적립식,2.5,2.12,3.0,제한없음,단리,"하나은행
(홈페이지)
15991111
(대표번호)",2024-11-01,"가계수신(예금) 02-1599-1111(리테일사업부)
가계여신(대출) 02-2002-1196(리테일사업부)",하나은행 통장에서 계약기간의 1/2이상 월부금 자동이체실적 충족 시 연 0.50%,제한없음,"영업점,인터넷,스마트폰,전화(텔레뱅킹)","1개월 이내 : 지급당시 해당기간별 일반정기적금 기본금리 1/2
1개월 초과 : 지급당시 해당기간별 일반정기적금 기본금리 1/4","1. 1인 다계좌 가능
2. 가입금액
- 1천원 이상~1,000만원 이하(원단위)
3. 적립한도
- 자유적립식 : 매월 1원 이상~1,000만원 이하(원단위)
- 정액적립식 : 매월 1천원 이상~1,000만원 이하(원단위)",,24,은행
한국스탠다드차타드은행,퍼스트가계적금,정액적립식,3.0,2.54,3.0,제한없음,단리,"한국스탠다드차타드은행
(홈페이지)
15881599
(대표번호)",2024-11-01,"SC제일은행 고객센터
1588-1599",없음,제한없음,"영업점,인터넷,스마트폰","만기 후 1개월: 약정이율의 50%
만기 후 1개월 초과 1년 이내: 약정이율의 30%
만기 후 1년 초과: 약정이율의 10%",해당없음,,25,은행
한국산업은행,KDB 자유적금,자유적립식,2.93,2.48,2.93,제한없음,단리,"한국산업은행
(홈페이지)
0215881500
(대표번호)",2024-11-11,"(예금)수신기획부, 02-787-7439
(개인대출)지역성장지원실, 051-640-3372
(기업대출)영업기획부, 02-787-6929",해당없음,제한없음,"영업점,인터넷,스마트폰","* 만기후 1년 이내 : 만기일 현재 고시된 일반 정기적금 해당예금기간 기본이율의 1/2
* 만기후 1년 초과 : 만기일 현재 고시된 보통예금 이율",해당없음,,26,은행
한국스탠다드차타드은행,퍼스트가계적금,자유적립식,2.9,2.45,2.9,제한없음,단리,"한국스탠다드차타드은행
(홈페이지)
15881599
(대표번호)",2024-11-01,"SC제일은행 고객센터
1588-1599",없음,제한없음,"영업점,인터넷,스마트폰","만기 후 1개월: 약정이율의 50%
만기 후 1개월 초과 1년 이내: 약정이율의 30%
만기 후 1년 초과: 약정이율의 10%",해당없음,,27,은행
하나은행,내맘적금,자유적립식,2.2,1.86,2.7,제한없음,단리,"하나은행
(홈페이지)
15991111
(대표번호)",2024-11-01,"가계수신(예금) 02-1599-1111(리테일사업부)
가계여신(대출) 02-2002-1196(리테일사업부)",하나은행 통장에서 계약기간의 1/2이상 월부금 자동이체실적 충족 시 연 0.50%,제한없음,"영업점,인터넷,스마트폰,전화(텔레뱅킹)","1개월 이내 : 지급당시 해당기간별 일반정기적금 기본금리 1/2
1개월 초과 : 지급당시 해당기간별 일반정기적금 기본금리 1/4","1. 1인 다계좌 가능
2. 가입금액
- 1천원 이상~1,000만원 이하(원단위)
3. 적립한도
- 자유적립식 : 매월 1원 이상~1,000만원 이하(원단위)
- 정액적립식 : 매월 1천원 이상~1,000만원 이하(원단위)",,28,은행
한국산업은행,KDB 기업정기적금,정액적립식,2.53,2.14,2.53,제한없음,단리,"한국산업은행
(홈페이지)
0215881500
(대표번호)",2024-11-11,"(예금)수신기획부, 02-787-7439
(개인대출)지역성장지원실, 051-640-3372
(기업대출)영업기획부, 02-787-6929",해당없음,제한없음,"영업점,인터넷","* 만기후 1년 이내 : 만기일 현재 고시된 일반 정기적금 해당예금기간 기본이율의 1/2
* 만기후 1년 초과 : 만기일 현재 고시된 보통예금 이율",해당없음,,29,은행
토스뱅크 주식회사,토스뱅크 자유 적금,자유적립식,2.0,1.69,2.5,제한없음,단리,"토스뱅크 주식회사
(홈페이지)
16617654
(대표번호)",2024-10-21,"수신 02-6713-1951
여신 02-6713-1970",· 적금 가입 시 설정되는 월 단위 자동이체를 모두 성공하는 경우 : 연 0.50% 제공,제한없음,스마트폰,"· 만기 후 1개월 이내 : 만기시점 기본금리 X 50%
· 만기 후 1개월 초과 3개월 이내 : 만기시점 기본금리 X 20%
· 만기 후 3개월 초과 : 연 0.10%","· 1인 1계좌 (단, 이벤트 등으로 토스뱅크가 복수의 계좌개설을 허용하는 경우 추가 개설 가능)
· 가입금액 : 0원 이상 300만원 이하
· 우대금리는 만기 해지하는 경우에만 제공됨",,30,은행
고려저축은행,마이버킷 정기적금,정액적립식,3.0,2.54,6.0,제한없음,단리,"고려저축은행
(홈페이지)
18779900
(대표번호)",2024-10-31,"영업추진팀,051-640-9052","* 최고우대금리 : 3.00%
[워크온 챌린지 참여]
- 금메달(200,000보) : 3.00%
- 은메달(180,000보) : 2.00%
- 동메달(150,000보) : 1.00%",제한없음,스마트폰,"-1개월이내: 당초 약정금리와 만기시 동일상품 동일계약기간의 신규약정금리 중 낮은이율
-1개월초과: 보통예금이자율(현재0.1%)","-고뱅크 어플 전용상품
-1인당 최대 150만원까지 가입가능
-가입기간 : 6개월~12개월",https://www.goryosb.co.kr/deposit/product/P000000178?upperCode=PC00000022,31,저축은행
도림교회 신용협동조합,자유적립적금(대면),자유적립식,6.0,5.08,6.0,제한없음,단리,"신용협동조합
(홈페이지)
15666000
(대표번호)",2024-10-21,도림교회신용협동조합 02-848-0987,없음,제한없음,영업점,"만기후 1개월 미만 : 만기일 당시 신규 기본이율의 1/2
만기후 1개월 이상 ~ 3개월 미만 : 만기일 당시 신규 기본이율의 1/3
만기후 3개월 이상 ~ 6개월 미만 : 만기일 당시 신규 기본이율의 1/6
만기후 6개월 이상 : 만기일 당시 보통예탁금 이율
기재된 구간별 만기후 이자율은 최저이율이며 그 이상으로 지급 될 수 있습니다.",가입기간 : 3개월 이상 6년 이하(월단위),http://www.cu.co.kr/product/ad/fnncGoods/selectFnncGoodsDpstInfo51.do?fnncGoodsSn=86,32,신용협동조합
도림교회 신용협동조합,정기적금(대면),정액적립식,6.0,5.08,6.0,제한없음,단리,"신용협동조합
(홈페이지)
15666000
(대표번호)",2024-10-21,도림교회신용협동조합 02-848-0987,없음,제한없음,영업점,"만기후 1개월 미만 : 만기일 당시 신규 기본이율의 1/2
만기후 1개월 이상 ~ 3개월 미만 : 만기일 당시 신규 기본이율의 1/3
만기후 3개월 이상 ~ 6개월 미만 : 만기일 당시 신규 기본이율의 1/6
만기후 6개월 이상 : 만기일 당시 보통예탁금 이율
기재된 구간별 만기후 이자율은 최저이율이며 그 이상으로 지급 될 수 있습니다.","가입금액 : 월 1천원 이상
가입기간 : 6년 이하(월단위)",http://www.cu.co.kr/product/ad/fnncGoods/selectFnncGoodsDpstInfo51.do?fnncGoodsSn=1021,33,신용협동조합
페퍼저축은행,AI Peppers 배구사랑 정기적금,정액적립식,6.0,5.08,6.0,제한없음,단리,"페퍼저축은행
(홈페이지)
15990722
(대표번호)",2023-01-16,예금담당자 03180395648 대출문의 15990722,우대사항 없음,제한없음,스마트폰,"*신규가입일 당시 영업점 및 인터넷 홈페이지에 고시한 경과기간별 만기후이자율 적용
*만기 후 이자율
- 1개월 이내 (당초 약정금리 또는 만기시 동일상품 동일계약기간의 신규 약정금리 중 낮은 이율)
- 1개월 초과 ~ (보통예금 이율)
- 납입지연 이율(만기앞당김 이율 기간별 정기적금 기본이율)","*최소가입금액: 1만원 이상
*최고한도(단위:원) 50만원(정액 적립식)",,34,저축은행
해남우리 신용협동조합,정기적금(대면),정액적립식,6.0,5.08,6.0,제한없음,단리,"신용협동조합
(홈페이지)
15666000
(대표번호)",2024-10-21,해남우리신용협동조합 061-536-3425,없음,제한없음,영업점,"만기후 1개월 미만 : 만기일 당시 신규 기본이율의 1/2
만기후 1개월 이상 ~ 3개월 미만 : 만기일 당시 신규 기본이율의 1/3
만기후 3개월 이상 ~ 6개월 미만 : 만기일 당시 신규 기본이율의 1/6
만기후 6개월 이상 : 만기일 당시 보통예탁금 이율
기재된 구간별 만기후 이자율은 최저이율이며 그 이상으로 지급 될 수 있습니다.","가입금액 : 월 1천원 이상
가입기간 : 6년 이하(월단위)",http://www.cu.co.kr/product/ad/fnncGoods/selectFnncGoodsDpstInfo51.do?fnncGoodsSn=1021,35,신용협동조합
페퍼저축은행,페퍼스 펫적금 with 핏펫,정액적립식,5.0,4.23,5.0,제한없음,단리,"페퍼저축은행
(홈페이지)
15990722
(대표번호)",2024-05-07,예금담당자 03180395648 대출문의 15990722,해당사항 없음,제한없음,스마트폰,"* 만기 후 1개월 이내 기간 : 당초 약정금리 또는 만기시 동일상품 동일계약기간의
신규 약정금리 중 낮은 이율
* 만기 후 1개월 초과 이후 기간 : 보통예금 이율 적용",최소가입금액: 1만원 이상,https://digital-pepperbank.kr.onelink.me/AHGF/dvzpcskr,36,저축은행
광주YWCA 신용협동조합,정기적금(대면),정액적립식,4.8,4.06,4.8,제한없음,단리,"신용협동조합
(홈페이지)
15666000
(대표번호)",2024-10-21,광주YWCA신용협동조합 062-521-4865,없음,제한없음,영업점,"만기후 1개월 미만 : 만기일 당시 신규 기본이율의 1/2
만기후 1개월 이상 ~ 3개월 미만 : 만기일 당시 신규 기본이율의 1/3
만기후 3개월 이상 ~ 6개월 미만 : 만기일 당시 신규 기본이율의 1/6
만기후 6개월 이상 : 만기일 당시 보통예탁금 이율
기재된 구간별 만기후 이자율은 최저이율이며 그 이상으로 지급 될 수 있습니다.","가입금액 : 월 1천원 이상
가입기간 : 6년 이하(월단위)",http://www.cu.co.kr/product/ad/fnncGoods/selectFnncGoodsDpstInfo51.do?fnncGoodsSn=1021,37,신용협동조합
온고을 신용협동조합,자유적립적금(대면),자유적립식,4.5,3.81,4.5,제한없음,단리,"신용협동조합
(홈페이지)
15666000
(대표번호)",2024-10-21,온고을신용협동조합 063-282-8668,없음,제한없음,영업점,"만기후 1개월 미만 : 만기일 당시 신규 기본이율의 1/2
만기후 1개월 이상 ~ 3개월 미만 : 만기일 당시 신규 기본이율의 1/3
만기후 3개월 이상 ~ 6개월 미만 : 만기일 당시 신규 기본이율의 1/6
만기후 6개월 이상 : 만기일 당시 보통예탁금 이율
기재된 구간별 만기후 이자율은 최저이율이며 그 이상으로 지급 될 수 있습니다.",가입기간 : 3개월 이상 6년 이하(월단위),http://www.cu.co.kr/product/ad/fnncGoods/selectFnncGoodsDpstInfo51.do?fnncGoodsSn=86,38,신용협동조합
온고을 신용협동조합,하나더적금(대면),정액적립식,4.5,3.81,4.5,제한없음,단리,"신용협동조합
(홈페이지)
15666000
(대표번호)",2024-10-21,온고을신용협동조합 063-282-8668,없음,제한없음,영업점,"만기후 1개월 미만 : 만기일 당시 신규 기본이율의 1/2
만기후 1개월 이상 ~ 3개월 미만 : 만기일 당시 신규 기본이율의 1/3
만기후 3개월 이상 ~ 6개월 미만 : 만기일 당시 신규 기본이율의 1/6
만기후 6개월 이상 : 만기일 당시 보통예탁금 이율
기재된 구간별 만기후 이자율은 최저이율이며 그 이상으로 지급 될 수 있습니다.","가입금액 : 월 1천원 이상
가입기간 : 6개월 이상 5년 이하(월단위)",http://www.cu.co.kr/product/ad/fnncGoods/selectFnncGoodsDpstInfo51.do?fnncGoodsSn=98,39,신용협동조합
진주가나 신용협동조합,하나더적금(대면),정액적립식,4.5,3.81,4.5,제한없음,단리,"신용협동조합
(홈페이지)
15666000
(대표번호)",2024-10-21,진주가나신용협동조합 055-761-0105,없음,제한없음,영업점,"만기후 1개월 미만 : 만기일 당시 신규 기본이율의 1/2
만기후 1개월 이상 ~ 3개월 미만 : 만기일 당시 신규 기본이율의 1/3
만기후 3개월 이상 ~ 6개월 미만 : 만기일 당시 신규 기본이율의 1/6
만기후 6개월 이상 : 만기일 당시 보통예탁금 이율
기재된 구간별 만기후 이자율은 최저이율이며 그 이상으로 지급 될 수 있습니다.","가입금액 : 월 1천원 이상
가입기간 : 6개월 이상 5년 이하(월단위)",http://www.cu.co.kr/product/ad/fnncGoods/selectFnncGoodsDpstInfo51.do?fnncGoodsSn=98,40,신용협동조합
대구건축사 신용협동조합,유니온정기적금(비대면),정액적립식,4.2,3.55,4.2,제한없음,단리,"신용협동조합
(홈페이지)
15666000
(대표번호)",2024-10-21,대구건축사신용협동조합 053-753-8984,없음,제한없음,스마트폰,"만기후 1개월 미만 : 만기일 당시 신규 기본이율의 1/2
만기후 1개월 이상 ~ 3개월 미만 : 만기일 당시 신규 기본이율의 1/3
만기후 3개월 이상 ~ 6개월 미만 : 만기일 당시 신규 기본이율의 1/6
만기후 6개월 이상 : 만기일 당시 보통예탁금 이율
기재된 구간별 만기후 이자율은 최저이율이며 그 이상으로 지급 될 수 있습니다.","가입금액 : 월 1만원 이상
가입기간 : 3개월 이상 3년 이하(연, 월단위)",http://www.cu.co.kr/product/ad/fnncGoods/selectFnncGoodsDpst2Info.do?fnncGoodsSn=125,41,신용협동조합
대구건축사 신용협동조합,정기적금(대면),정액적립식,4.2,3.55,4.2,제한없음,단리,"신용협동조합
(홈페이지)
15666000
(대표번호)",2024-10-21,대구건축사신용협동조합 053-753-8984,없음,제한없음,영업점,"만기후 1개월 미만 : 만기일 당시 신규 기본이율의 1/2
만기후 1개월 이상 ~ 3개월 미만 : 만기일 당시 신규 기본이율의 1/3
만기후 3개월 이상 ~ 6개월 미만 : 만기일 당시 신규 기본이율의 1/6
만기후 6개월 이상 : 만기일 당시 보통예탁금 이율
기재된 구간별 만기후 이자율은 최저이율이며 그 이상으로 지급 될 수 있습니다.","가입금액 : 월 1천원 이상
가입기간 : 6년 이하(월단위)",http://www.cu.co.kr/product/ad/fnncGoods/selectFnncGoodsDpstInfo51.do?fnncGoodsSn=1021,42,신용협동조합
연수송도 신용협동조합,유니온정기적금(비대면),정액적립식,4.0,3.38,4.12,제한없음,단리,"신용협동조합
(홈페이지)
15666000
(대표번호)",2024-10-21,연수송도신용협동조합 032-851-9800,없음,제한없음,스마트폰,"만기후 1개월 미만 : 만기일 당시 신규 기본이율의 1/2
만기후 1개월 이상 ~ 3개월 미만 : 만기일 당시 신규 기본이율의 1/3
만기후 3개월 이상 ~ 6개월 미만 : 만기일 당시 신규 기본이율의 1/6
만기후 6개월 이상 : 만기일 당시 보통예탁금 이율
기재된 구간별 만기후 이자율은 최저이율이며 그 이상으로 지급 될 수 있습니다.","가입금액 : 월 1만원 이상
가입기간 : 3개월 이상 3년 이하(연, 월단위)",http://www.cu.co.kr/product/ad/fnncGoods/selectFnncGoodsDpst2Info.do?fnncGoodsSn=125,43,신용협동조합
의정부 신용협동조합,정기적금(대면),정액적립식,4.1,3.47,4.1,제한없음,단리,"신용협동조합
(홈페이지)
15666000
(대표번호)",2024-10-21,의정부신용협동조합 031-846-6633,없음,제한없음,영업점,"만기후 1개월 미만 : 만기일 당시 신규 기본이율의 1/2
만기후 1개월 이상 ~ 3개월 미만 : 만기일 당시 신규 기본이율의 1/3
만기후 3개월 이상 ~ 6개월 미만 : 만기일 당시 신규 기본이율의 1/6
만기후 6개월 이상 : 만기일 당시 보통예탁금 이율
기재된 구간별 만기후 이자율은 최저이율이며 그 이상으로 지급 될 수 있습니다.","가입금액 : 월 1천원 이상
가입기간 : 6년 이하(월단위)",http://www.cu.co.kr/product/ad/fnncGoods/selectFnncGoodsDpstInfo51.do?fnncGoodsSn=1021,44,신용협동조합
(주)인켈 신용협동조합,유니온자유적립적금(비대면),자유적립식,4.0,3.38,4.0,제한없음,단리,"신용협동조합
(홈페이지)
15666000
(대표번호)",2024-10-21,인켈신용협동조합 032-650-6486,없음,제한없음,스마트폰,"만기후 1개월 미만 : 만기일 당시 신규 기본이율의 1/2
만기후 1개월 이상 ~ 3개월 미만 : 만기일 당시 신규 기본이율의 1/3
만기후 3개월 이상 ~ 6개월 미만 : 만기일 당시 신규 기본이율의 1/6
만기후 6개월 이상 : 만기일 당시 보통예탁금 이율
기재된 구간별 만기후 이자율은 최저이율이며 그 이상으로 지급 될 수 있습니다.","가입기간 : 3개월 이상 3년 이하(연, 월단위)",http://www.cu.co.kr/product/ad/fnncGoods/selectFnncGoodsDpst2Info.do?fnncGoodsSn=122,45,신용협동조합
(주)인켈 신용협동조합,유니온정기적금(비대면),정액적립식,4.0,3.38,4.0,제한없음,단리,"신용협동조합
(홈페이지)
15666000
(대표번호)",2024-10-21,인켈신용협동조합 032-650-6486,없음,제한없음,스마트폰,"만기후 1개월 미만 : 만기일 당시 신규 기본이율의 1/2
만기후 1개월 이상 ~ 3개월 미만 : 만기일 당시 신규 기본이율의 1/3
만기후 3개월 이상 ~ 6개월 미만 : 만기일 당시 신규 기본이율의 1/6
만기후 6개월 이상 : 만기일 당시 보통예탁금 이율
기재된 구간별 만기후 이자율은 최저이율이며 그 이상으로 지급 될 수 있습니다.","가입금액 : 월 1만원 이상
가입기간 : 3개월 이상 3년 이하(연, 월단위)",http://www.cu.co.kr/product/ad/fnncGoods/selectFnncGoodsDpst2Info.do?fnncGoodsSn=125,46,신용협동조합
(주)인켈 신용협동조합,자유적립적금(대면),자유적립식,4.0,3.38,4.0,제한없음,단리,"신용협동조합
(홈페이지)
15666000
(대표번호)",2024-10-21,인켈신용협동조합 032-650-6486,없음,제한없음,영업점,"만기후 1개월 미만 : 만기일 당시 신규 기본이율의 1/2
만기후 1개월 이상 ~ 3개월 미만 : 만기일 당시 신규 기본이율의 1/3
만기후 3개월 이상 ~ 6개월 미만 : 만기일 당시 신규 기본이율의 1/6
만기후 6개월 이상 : 만기일 당시 보통예탁금 이율
기재된 구간별 만기후 이자율은 최저이율이며 그 이상으로 지급 될 수 있습니다.",가입기간 : 3개월 이상 6년 이하(월단위),http://www.cu.co.kr/product/ad/fnncGoods/selectFnncGoodsDpstInfo51.do?fnncGoodsSn=86,47,신용협동조합
(주)인켈 신용협동조합,정기적금(대면),정액적립식,4.0,3.38,4.0,제한없음,단리,"신용협동조합
(홈페이지)
15666000
(대표번호)",2024-10-21,인켈신용협동조합 032-650-6486,없음,제한없음,영업점,"만기후 1개월 미만 : 만기일 당시 신규 기본이율의 1/2
만기후 1개월 이상 ~ 3개월 미만 : 만기일 당시 신규 기본이율의 1/3
만기후 3개월 이상 ~ 6개월 미만 : 만기일 당시 신규 기본이율의 1/6
만기후 6개월 이상 : 만기일 당시 보통예탁금 이율
기재된 구간별 만기후 이자율은 최저이율이며 그 이상으로 지급 될 수 있습니다.","가입금액 : 월 1천원 이상
가입기간 : 6년 이하(월단위)",http://www.cu.co.kr/product/ad/fnncGoods/selectFnncGoodsDpstInfo51.do?fnncGoodsSn=1021,48,신용협동조합
구로 신용협동조합,유니온정기적금(비대면),정액적립식,4.0,3.38,4.0,제한없음,단리,"신용협동조합
(홈페이지)
15666000
(대표번호)",2024-10-21,구로신용협동조합 02-837-3301,없음,제한없음,스마트폰,"만기후 1개월 미만 : 만기일 당시 신규 기본이율의 1/2
만기후 1개월 이상 ~ 3개월 미만 : 만기일 당시 신규 기본이율의 1/3
만기후 3개월 이상 ~ 6개월 미만 : 만기일 당시 신규 기본이율의 1/6
만기후 6개월 이상 : 만기일 당시 보통예탁금 이율
기재된 구간별 만기후 이자율은 최저이율이며 그 이상으로 지급 될 수 있습니다.","가입금액 : 월 1만원 이상
가입기간 : 3개월 이상 3년 이하(연, 월단위)",http://www.cu.co.kr/product/ad/fnncGoods/selectFnncGoodsDpst2Info.do?fnncGoodsSn=125,49,신용협동조합
구로 신용협동조합,정기적금(대면),정액적립식,4.0,3.38,4.0,제한없음,단리,"신용협동조합
(홈페이지)
15666000
(대표번호)",2024-10-21,구로신용협동조합 02-837-3301,없음,제한없음,영업점,"만기후 1개월 미만 : 만기일 당시 신규 기본이율의 1/2
만기후 1개월 이상 ~ 3개월 미만 : 만기일 당시 신규 기본이율의 1/3
만기후 3개월 이상 ~ 6개월 미만 : 만기일 당시 신규 기본이율의 1/6
만기후 6개월 이상 : 만기일 당시 보통예탁금 이율
기재된 구간별 만기후 이자율은 최저이율이며 그 이상으로 지급 될 수 있습니다.","가입금액 : 월 1천원 이상
가입기간 : 6년 이하(월단위)",http://www.cu.co.kr/product/ad/fnncGoods/selectFnncGoodsDpstInfo51.do?fnncGoodsSn=1021,50,신용협동조합
구로 신용협동조합,정기적금(비대면),정액적립식,4.0,3.38,4.0,제한없음,단리,"신용협동조합
(홈페이지)
15666000
(대표번호)",2024-10-21,구로신용협동조합 02-837-3301,없음,제한없음,인터넷,"만기후 1개월 미만 : 만기일 당시 신규 기본이율의 1/2
만기후 1개월 이상 ~ 3개월 미만 : 만기일 당시 신규 기본이율의 1/3
만기후 3개월 이상 ~ 6개월 미만 : 만기일 당시 신규 기본이율의 1/6
만기후 6개월 이상 : 만기일 당시 보통예탁금 이율
기재된 구간별 만기후 이자율은 최저이율이며 그 이상으로 지급 될 수 있습니다.","가입금액 : 월 1천원 이상
가입기간 : 6년 이하(월단위)",http://www.cu.co.kr/product/ad/fnncGoods/selectFnncGoodsDpstInfo51.do?fnncGoodsSn=1021,51,신용협동조합
답동 신용협동조합,유니온정기적금(비대면),정액적립식,4.0,3.38,4.0,제한없음,단리,"신용협동조합
(홈페이지)
15666000
(대표번호)",2024-10-21,답동신용협동조합 032-763-4545,없음,제한없음,스마트폰,"만기후 1개월 미만 : 만기일 당시 신규 기본이율의 1/2
만기후 1개월 이상 ~ 3개월 미만 : 만기일 당시 신규 기본이율의 1/3
만기후 3개월 이상 ~ 6개월 미만 : 만기일 당시 신규 기본이율의 1/6
만기후 6개월 이상 : 만기일 당시 보통예탁금 이율
기재된 구간별 만기후 이자율은 최저이율이며 그 이상으로 지급 될 수 있습니다.","가입금액 : 월 1만원 이상
가입기간 : 3개월 이상 3년 이하(연, 월단위)",http://www.cu.co.kr/product/ad/fnncGoods/selectFnncGoodsDpst2Info.do?fnncGoodsSn=125,52,신용협동조합
답동 신용협동조합,정기적금(대면),정액적립식,4.0,3.38,4.0,제한없음,단리,"신용협동조합
(홈페이지)
15666000
(대표번호)",2024-10-21,답동신용협동조합 032-763-4545,없음,제한없음,영업점,"만기후 1개월 미만 : 만기일 당시 신규 기본이율의 1/2
만기후 1개월 이상 ~ 3개월 미만 : 만기일 당시 신규 기본이율의 1/3
만기후 3개월 이상 ~ 6개월 미만 : 만기일 당시 신규 기본이율의 1/6
만기후 6개월 이상 : 만기일 당시 보통예탁금 이율
기재된 구간별 만기후 이자율은 최저이율이며 그 이상으로 지급 될 수 있습니다.","가입금액 : 월 1천원 이상
가입기간 : 6년 이하(월단위)",http://www.cu.co.kr/product/ad/fnncGoods/selectFnncGoodsDpstInfo51.do?fnncGoodsSn=1021,53,신용협동조합
답동 신용협동조합,정기적금(비대면),정액적립식,4.0,3.38,4.0,제한없음,단리,"신용협동조합
(홈페이지)
15666000
(대표번호)",2024-10-21,답동신용협동조합 032-763-4545,없음,제한없음,인터넷,"만기후 1개월 미만 : 만기일 당시 신규 기본이율의 1/2
만기후 1개월 이상 ~ 3개월 미만 : 만기일 당시 신규 기본이율의 1/3
만기후 3개월 이상 ~ 6개월 미만 : 만기일 당시 신규 기본이율의 1/6
만기후 6개월 이상 : 만기일 당시 보통예탁금 이율
기재된 구간별 만기후 이자율은 최저이율이며 그 이상으로 지급 될 수 있습니다.","가입금액 : 월 1천원 이상
가입기간 : 6년 이하(월단위)",http://www.cu.co.kr/product/ad/fnncGoods/selectFnncGoodsDpstInfo51.do?fnncGoodsSn=1021,54,신용협동조합
당진해나루 신용협동조합,유니온정기적금(비대면),정액적립식,4.0,3.38,4.0,제한없음,단리,"신용협동조합
(홈페이지)
15666000
(대표번호)",2024-10-21,당진해나루신용협동조합 041-352-2303,없음,제한없음,스마트폰,"만기후 1개월 미만 : 만기일 당시 신규 기본이율의 1/2
만기후 1개월 이상 ~ 3개월 미만 : 만기일 당시 신규 기본이율의 1/3
만기후 3개월 이상 ~ 6개월 미만 : 만기일 당시 신규 기본이율의 1/6
만기후 6개월 이상 : 만기일 당시 보통예탁금 이율
기재된 구간별 만기후 이자율은 최저이율이며 그 이상으로 지급 될 수 있습니다.","가입금액 : 월 1만원 이상
가입기간 : 3개월 이상 3년 이하(연, 월단위)",http://www.cu.co.kr/product/ad/fnncGoods/selectFnncGoodsDpst2Info.do?fnncGoodsSn=125,55,신용협동조합
당진해나루 신용협동조합,정기적금(대면),정액적립식,4.0,3.38,4.0,제한없음,단리,"신용협동조합
(홈페이지)
15666000
(대표번호)",2024-10-21,당진해나루신용협동조합 041-352-2303,없음,제한없음,영업점,"만기후 1개월 미만 : 만기일 당시 신규 기본이율의 1/2
만기후 1개월 이상 ~ 3개월 미만 : 만기일 당시 신규 기본이율의 1/3
만기후 3개월 이상 ~ 6개월 미만 : 만기일 당시 신규 기본이율의 1/6
만기후 6개월 이상 : 만기일 당시 보통예탁금 이율
기재된 구간별 만기후 이자율은 최저이율이며 그 이상으로 지급 될 수 있습니다.","가입금액 : 월 1천원 이상
가입기간 : 6년 이하(월단위)",http://www.cu.co.kr/product/ad/fnncGoods/selectFnncGoodsDpstInfo51.do?fnncGoodsSn=1021,56,신용협동조합
당진해나루 신용협동조합,정기적금(비대면),정액적립식,4.0,3.38,4.0,제한없음,단리,"신용협동조합
(홈페이지)
15666000
(대표번호)",2024-10-21,당진해나루신용협동조합 041-352-2303,없음,제한없음,인터넷,"만기후 1개월 미만 : 만기일 당시 신규 기본이율의 1/2
만기후 1개월 이상 ~ 3개월 미만 : 만기일 당시 신규 기본이율의 1/3
만기후 3개월 이상 ~ 6개월 미만 : 만기일 당시 신규 기본이율의 1/6
만기후 6개월 이상 : 만기일 당시 보통예탁금 이율
기재된 구간별 만기후 이자율은 최저이율이며 그 이상으로 지급 될 수 있습니다.","가입금액 : 월 1천원 이상
가입기간 : 6년 이하(월단위)",http://www.cu.co.kr/product/ad/fnncGoods/selectFnncGoodsDpstInfo51.do?fnncGoodsSn=1021,57,신용협동조합
동대구 신용협동조합,유니온정기적금(비대면),정액적립식,4.0,3.38,4.0,제한없음,단리,"신용협동조합
(홈페이지)
15666000
(대표번호)",2024-10-21,동대구신용협동조합 053-424-4339,없음,제한없음,스마트폰,"만기후 1개월 미만 : 만기일 당시 신규 기본이율의 1/2
만기후 1개월 이상 ~ 3개월 미만 : 만기일 당시 신규 기본이율의 1/3
만기후 3개월 이상 ~ 6개월 미만 : 만기일 당시 신규 기본이율의 1/6
만기후 6개월 이상 : 만기일 당시 보통예탁금 이율
기재된 구간별 만기후 이자율은 최저이율이며 그 이상으로 지급 될 수 있습니다.","가입금액 : 월 1만원 이상
가입기간 : 3개월 이상 3년 이하(연, 월단위)",http://www.cu.co.kr/product/ad/fnncGoods/selectFnncGoodsDpst2Info.do?fnncGoodsSn=125,58,신용협동조합
동대구 신용협동조합,정기적금(대면),정액적립식,4.0,3.38,4.0,제한없음,단리,"신용협동조합
(홈페이지)
15666000
(대표번호)",2024-10-21,동대구신용협동조합 053-424-4339,없음,제한없음,영업점,"만기후 1개월 미만 : 만기일 당시 신규 기본이율의 1/2
만기후 1개월 이상 ~ 3개월 미만 : 만기일 당시 신규 기본이율의 1/3
만기후 3개월 이상 ~ 6개월 미만 : 만기일 당시 신규 기본이율의 1/6
만기후 6개월 이상 : 만기일 당시 보통예탁금 이율
기재된 구간별 만기후 이자율은 최저이율이며 그 이상으로 지급 될 수 있습니다.","가입금액 : 월 1천원 이상
가입기간 : 6년 이하(월단위)",http://www.cu.co.kr/product/ad/fnncGoods/selectFnncGoodsDpstInfo51.do?fnncGoodsSn=1021,59,신용협동조합
동대구 신용협동조합,정기적금(비대면),정액적립식,4.0,3.38,4.0,제한없음,단리,"신용협동조합
(홈페이지)
15666000
(대표번호)",2024-10-21,동대구신용협동조합 053-424-4339,없음,제한없음,인터넷,"만기후 1개월 미만 : 만기일 당시 신규 기본이율의 1/2
만기후 1개월 이상 ~ 3개월 미만 : 만기일 당시 신규 기본이율의 1/3
만기후 3개월 이상 ~ 6개월 미만 : 만기일 당시 신규 기본이율의 1/6
만기후 6개월 이상 : 만기일 당시 보통예탁금 이율
기재된 구간별 만기후 이자율은 최저이율이며 그 이상으로 지급 될 수 있습니다.","가입금액 : 월 1천원 이상
가입기간 : 6년 이하(월단위)",http://www.cu.co.kr/product/ad/fnncGoods/selectFnncGoodsDpstInfo51.do?fnncGoodsSn=1021,60,신용협동조합
매괴 신용협동조합,매일적금(대면),정액적립식,4.0,3.38,4.0,제한없음,단리,"신용협동조합
(홈페이지)
15666000
(대표번호)",2024-10-21,매괴신용협동조합 043-881-2680,없음,제한없음,영업점,"만기후 1개월 미만 : 만기일 당시 신규 기본이율의 1/2
만기후 1개월 이상 ~ 3개월 미만 : 만기일 당시 신규 기본이율의 1/3
만기후 3개월 이상 ~ 6개월 미만 : 만기일 당시 신규 기본이율의 1/6
만기후 6개월 이상 : 만기일 당시 보통예탁금 이율
기재된 구간별 만기후 이자율은 최저이율이며 그 이상으로 지급 될 수 있습니다.","가입기간 : 1개월 이상 3년 이하(월, 일단위)",http://www.cu.co.kr/product/ad/fnncGoods/selectFnncGoodsDpstInfo51.do?fnncGoodsSn=68,61,신용협동조합
명성 신용협동조합,자유적립적금(대면),자유적립식,4.0,3.38,4.0,제한없음,단리,"신용협동조합
(홈페이지)
15666000
(대표번호)",2024-10-21,명성신용협동조합 043-644-3335,없음,제한없음,영업점,"만기후 1개월 미만 : 만기일 당시 신규 기본이율의 1/2
만기후 1개월 이상 ~ 3개월 미만 : 만기일 당시 신규 기본이율의 1/3
만기후 3개월 이상 ~ 6개월 미만 : 만기일 당시 신규 기본이율의 1/6
만기후 6개월 이상 : 만기일 당시 보통예탁금 이율
기재된 구간별 만기후 이자율은 최저이율이며 그 이상으로 지급 될 수 있습니다.",가입기간 : 3개월 이상 6년 이하(월단위),http://www.cu.co.kr/product/ad/fnncGoods/selectFnncGoodsDpstInfo51.do?fnncGoodsSn=86,62,신용협동조합
무궁화 신용협동조합,정기적금(대면),정액적립식,4.0,3.38,4.0,제한없음,단리,"신용협동조합
(홈페이지)
15666000
(대표번호)",2024-10-21,무궁화신용협동조합 063-351-0211,없음,제한없음,영업점,"만기후 1개월 미만 : 만기일 당시 신규 기본이율의 1/2
만기후 1개월 이상 ~ 3개월 미만 : 만기일 당시 신규 기본이율의 1/3
만기후 3개월 이상 ~ 6개월 미만 : 만기일 당시 신규 기본이율의 1/6
만기후 6개월 이상 : 만기일 당시 보통예탁금 이율
기재된 구간별 만기후 이자율은 최저이율이며 그 이상으로 지급 될 수 있습니다.","가입금액 : 월 1천원 이상
가입기간 : 6년 이하(월단위)",http://www.cu.co.kr/product/ad/fnncGoods/selectFnncGoodsDpstInfo51.do?fnncGoodsSn=1021,63,신용협동조합
북성 신용협동조합,자유적립적금(대면),자유적립식,4.0,3.38,4.0,제한없음,단리,"신용협동조합
(홈페이지)
15666000
(대표번호)",2024-10-21,북성신용협동조합 053-256-5001,없음,제한없음,영업점,"만기후 1개월 미만 : 만기일 당시 신규 기본이율의 1/2
만기후 1개월 이상 ~ 3개월 미만 : 만기일 당시 신규 기본이율의 1/3
만기후 3개월 이상 ~ 6개월 미만 : 만기일 당시 신규 기본이율의 1/6
만기후 6개월 이상 : 만기일 당시 보통예탁금 이율
기재된 구간별 만기후 이자율은 최저이율이며 그 이상으로 지급 될 수 있습니다.",가입기간 : 3개월 이상 6년 이하(월단위),http://www.cu.co.kr/product/ad/fnncGoods/selectFnncGoodsDpstInfo51.do?fnncGoodsSn=86,64,신용협동조합
성남대원 신용협동조합,매일적금(대면),정액적립식,4.0,3.38,4.0,제한없음,단리,"신용협동조합
(홈페이지)
15666000
(대표번호)",2024-10-21,성남대원신용협동조합 031-731-2312,없음,제한없음,영업점,"만기후 1개월 미만 : 만기일 당시 신규 기본이율의 1/2
만기후 1개월 이상 ~ 3개월 미만 : 만기일 당시 신규 기본이율의 1/3
만기후 3개월 이상 ~ 6개월 미만 : 만기일 당시 신규 기본이율의 1/6
만기후 6개월 이상 : 만기일 당시 보통예탁금 이율
기재된 구간별 만기후 이자율은 최저이율이며 그 이상으로 지급 될 수 있습니다.","가입기간 : 1개월 이상 3년 이하(월, 일단위)",http://www.cu.co.kr/product/ad/fnncGoods/selectFnncGoodsDpstInfo51.do?fnncGoodsSn=68,65,신용협동조합
성남중앙 신용협동조합,유니온정기적금(비대면),정액적립식,4.0,3.38,4.0,제한없음,단리,"신용협동조합
(홈페이지)
15666000
(대표번호)",2024-10-21,성남중앙신용협동조합 031-756-6181,없음,제한없음,스마트폰,"만기후 1개월 미만 : 만기일 당시 신규 기본이율의 1/2
만기후 1개월 이상 ~ 3개월 미만 : 만기일 당시 신규 기본이율의 1/3
만기후 3개월 이상 ~ 6개월 미만 : 만기일 당시 신규 기본이율의 1/6
만기후 6개월 이상 : 만기일 당시 보통예탁금 이율
기재된 구간별 만기후 이자율은 최저이율이며 그 이상으로 지급 될 수 있습니다.","가입금액 : 월 1만원 이상
가입기간 : 3개월 이상 3년 이하(연, 월단위)",http://www.cu.co.kr/product/ad/fnncGoods/selectFnncGoodsDpst2Info.do?fnncGoodsSn=125,66,신용협동조합
성남중앙 신용협동조합,정기적금(대면),정액적립식,4.0,3.38,4.0,제한없음,단리,"신용협동조합
(홈페이지)
15666000
(대표번호)",2024-10-21,성남중앙신용협동조합 031-756-6181,없음,제한없음,영업점,"만기후 1개월 미만 : 만기일 당시 신규 기본이율의 1/2
만기후 1개월 이상 ~ 3개월 미만 : 만기일 당시 신규 기본이율의 1/3
만기후 3개월 이상 ~ 6개월 미만 : 만기일 당시 신규 기본이율의 1/6
만기후 6개월 이상 : 만기일 당시 보통예탁금 이율
기재된 구간별 만기후 이자율은 최저이율이며 그 이상으로 지급 될 수 있습니다.","가입금액 : 월 1천원 이상
가입기간 : 6년 이하(월단위)",http://www.cu.co.kr/product/ad/fnncGoods/selectFnncGoodsDpstInfo51.do?fnncGoodsSn=1021,67,신용협동조합
성남중앙 신용협동조합,정기적금(비대면),정액적립식,4.0,3.38,4.0,제한없음,단리,"신용협동조합
(홈페이지)
15666000
(대표번호)",2024-10-21,성남중앙신용협동조합 031-756-6181,없음,제한없음,인터넷,"만기후 1개월 미만 : 만기일 당시 신규 기본이율의 1/2
만기후 1개월 이상 ~ 3개월 미만 : 만기일 당시 신규 기본이율의 1/3
만기후 3개월 이상 ~ 6개월 미만 : 만기일 당시 신규 기본이율의 1/6
만기후 6개월 이상 : 만기일 당시 보통예탁금 이율
기재된 구간별 만기후 이자율은 최저이율이며 그 이상으로 지급 될 수 있습니다.","가입금액 : 월 1천원 이상
가입기간 : 6년 이하(월단위)",http://www.cu.co.kr/product/ad/fnncGoods/selectFnncGoodsDpstInfo51.do?fnncGoodsSn=1021,68,신용협동조합
국민은행,KB차차차 적금,자유적립식,2.5,2.12,8.0,제한없음,단리,"국민은행
(홈페이지)
15889999
(대표번호)",2024-10-21,"(예금)수신상품부(P), 02-1588-9999
(대출)개인여신부(P), 02-1588-9999","항목별 적용 조건 충족시, 최고 연 5.5%p
① 혜택수신 우대이율: 연 1.0%p
② KB패밀리 우대이율: 연 1.0%p
③ KB국민인증 우대이율: 연0.5%p
④ 내차든든 우대이율: 연 3.0%P",제한없음,스마트폰,"- 1개월 이내 : 기본이율 X 50%
- 1개월 초과  ~ 3개월 이내 : 기본이율 X 30%
- 3개월 초과 : 0.1%","- 개인사업자, 임의단체 및 공동명의 가입 불가
(1인 1계좌)
- KB스타뱅킹 전용상품",https://obank.kbstar.com/quics?page=C016613&cc=b061496:b061645&isNew=Y&prcode=DP01001583,69,은행
부산은행,BNK아기천사적금,자유적립식,2.0,1.69,8.0,제한없음,단리,"부산은행
(홈페이지)
15886200
(대표번호)",2024-10-21,"(예금)수신고객부, 051-620-3339
(대출)여신고객부, 051-620-3423
실제 상담은 인근 영업점이나 당행 콜센터(1588-6200)로 문의",*우대이율 최대 6.00%,제한없음,스마트폰,"- 만기후 1년이내:가입기간별 일반정기적금 기본이율 x 50%
- 만기후 1년초과:가입기간별 일반정기적금 기본이율 x 20%","1. 가입한도: 월 1만원 이상 30만원 이하 원단위
2.자유적립식",https://www.busanbank.co.kr/ib20/mnu/FPMDPO012001002#none,70,은행
중소기업은행,IBK탄소제로적금(자유적립식),자유적립식,3.0,2.54,7.0,제한없음,단리,"중소기업은행
(홈페이지)
15662566
(대표번호)",2024-10-21,고객 문의 1566-2566,"최고 연 4.00%p
1. 에너지 절감 우대금리 : 최대 연 2.00%p
2. 최초거래고객 우대금리 : 연 1.00%p
3. 지로 또는 공과금 자동이체 우대금리 : 연 1.00%p",제한없음,스마트폰,"만기일 당시 정기적금 만기후금리 적용
- 1개월 이내: 만기일 당시 약정금리x50%
- 1월 초과 6개월 이내: 만기일 당시 약정금리x30%
- 6개월 초과: 만기일 당시 약정금리x20%","1인당 1계좌 가입 가능하며, 계좌당 최소 1만원 이상 1백만원까지 납입 가능",http://mybank.ibk.co.kr/uib/jsp/index.jsp,71,은행
제주은행,MZ 플랜적금,자유적립식,3.6,3.05,5.6,제한없음,단리,"제주은행
(홈페이지)
15880079
(대표번호)",2024-10-30,"상품솔루션부, 064-720-0287","①매월 1회이상 지속적 납입시:1년제: 0.50%
② 목표 금액 달성:0.50%
③ 신용카드,체크카드 합산 사용액 월10만원 이상 사용: 0.50%
* 청년이니까응원합니다 이벤트 : 0.50%",제한없음,"영업점,인터넷,스마트폰","- 만기후 1개월 이내 : (일반)정기적금 기본이자율의 50%
(단, 최저금리 0.1%)
- 만기후 1개월 초과 3개월 이내 : (일반)정기적금 기본이자율의 25%
(단, 최저금리 0.1%)
- 만기후 3개월 초과 : 0.1%",월 납입한도 30만원 이하,https://www.jejubank.co.kr/hmpg/prdGdnc/sid/mndp.do?mode=detail&prdId=SID_fb8cabc3b926451791c0c67b70f21a2e,72,은행
경남은행,주거래 프리미엄 적금,정액적립식,3.3,2.79,4.9,제한없음,단리,"경남은행
(홈페이지)
16008585
(대표번호)",2024-10-21,"리테일금융부(대출문의),055-290-8743
고객기획부(예·적금상품),1600-8585","①주거래우대 0.50%
②공과금 자동이체 0.40~0.60%
③신규고객 0.20%
④주택청약종합저축 보유 0.10%
⑤ 전자명함을 통한 신규 시 0.2%",제한없음,"영업점,인터넷,스마트폰","만기후 1개월 이내: 일반정기예금 기본이율의 50%
만기후 1개월 초과: 일반정기예금 기본이율의 20%","1.계악기간은 1년제, 2년제, 3년제로 한다.
2. 적립금액은 매월 1만원이상, 최고금액은 제한없음",,73,은행
광주은행,여행스케치_남도투어적금,정액적립식,2.8,2.37,4.7,제한없음,단리,"광주은행
(홈페이지)
15883388
(대표번호)",2024-10-21,"영업추진부 수신지원팀 062-239-5206          여신지원팀 062-239-6509
카드사업부 062-239-6107
*실제 상담은 인근영업점이나 당행 콜센터(1588-3388)로 문의","▶ 최고우대금리 1.9%p
①예금가입일~만기일전일까지 당행이선정한 전라남도 관광지 방문 인증시 : 최고 1.5%p
②신용(체크)카드사용실적300만원이상:최고 0.3%p
③개인(신용)정보 동의: 0.1%p",제한없음,"영업점,스마트폰","만기후 1개월 이내: 만기일 당시 최초 가입 기간별 고시금리의 1/2
만기후 1개월 초과: 0.1%","1. 가입기간 :12개월제,18개월제
2. 가입금액 : 월 5만원 이상 1백만원 이하 (1인1계좌)
※ 18개월 정액식 기본금리 3.3%, 최고금리 5.2%",,74,은행
광주은행,여행스케치_남도투어적금,자유적립식,2.6,2.2,4.5,제한없음,단리,"광주은행
(홈페이지)
15883388
(대표번호)",2024-10-21,"영업추진부 수신지원팀 062-239-5206          여신지원팀 062-239-6509
카드사업부 062-239-6107
*실제 상담은 인근영업점이나 당행 콜센터(1588-3388)로 문의","▶ 최고우대금리 1.9%p
①예금가입일~만기일전일까지 당행이선정한 전라남도 관광지 방문 인증시 : 최고 1.5%p
②신용(체크)카드사용실적300만원이상:최고 0.3%p
③개인(신용)정보 동의: 0.1%p",제한없음,"영업점,스마트폰","만기후 1개월 이내: 만기일 당시 최초 가입 기간별 고시금리의 1/2
만기후 1개월 초과: 0.1%","1. 가입기간 :12개월제,18개월제
2. 가입금액 : 월 5만원 이상 1백만원 이하 (1인1계좌)
※ 18개월 정액식 기본금리 3.3%, 최고금리 5.2%",,75,은행
국민은행,KB반려행복적금,자유적립식,3.0,2.54,4.5,제한없음,단리,"국민은행
(홈페이지)
15889999
(대표번호)",2024-10-21,"(예금)수신상품부(P), 02-1588-9999
(대출)개인여신부(P), 02-1588-9999","항목별 적용 조건 충족시, 최고 연 1.5%p
① 반려동물 등록: 연 0.2%p
② 미지(유기)입양: 연 0.2%p
③ 반려동물애정활동: 연 0.2%p
④ 반려동물요금제: 연 0.2%p
⑤ KB거래감사: 연 0.2%p
⑥ KB첫거래: 연 0.5%p",제한없음,스마트폰,"- 1개월 이내 : 기본이율 X 50%
- 1개월 초과  ~ 3개월 이내 : 기본이율 X 30%
- 3개월 초과 : 0.1%","공동명의 불가
(1인 최대 3계좌)",,76,은행
하나은행,주거래하나 월복리적금,자유적립식,3.3,2.79,4.3,제한없음,복리,"하나은행
(홈페이지)
15991111
(대표번호)",2024-11-01,"가계수신(예금) 02-1599-1111(리테일사업부)
가계여신(대출) 02-2002-1196(리테일사업부)","최고 연1.0%
- 주거래하나우대(연 0.5%) : 적금만기 전전월말기준 본인명의 당행입출금통장을 통해 계약기간 1/2이상 이체된 주거래실적 1종  - 주거래플러스우대(연 0.9%) : 주거래 하나우대와 동일요건의 거래실적 2종이상 경우
- 온라인.재예치우대 연 최대 0.1%",제한없음,"영업점,인터넷,스마트폰","1개월 이내 : 지급당시 해당기간별 일반정기적금 기본금리 1/2
1개월 초과 : 지급당시 해당기간별 일반정기적금 기본금리 1/4","1. 1인 1계좌만 가능
(급여하나월복리적금,연금하나 월복리적금과 중복가입 불가)
2. 가입금액
- 최저1만원~300만원이하
3. 적립한도
분기당 1만원이상 300만원
(자유적립식)",,77,은행
신한은행,신한 알.쏠 적금,자유적립식,2.9,2.45,4.2,제한없음,단리,"신한은행
(홈페이지)
15778000
(대표번호)",2024-11-08,"개인솔루션부1577-8000(수신)
개인솔루션부1577-8000(여신)","※가산금리 최고 연 1.30%
- 소득이체 : 연 0.6%
- 카드이용 : 연 0.3%
- 오픈뱅킹 : 연 0.6%
- 청약보유 : 연 0.3%
- 마케팅동의 : 연 0.1%
※ 우대금리 항목별 자세한 적용 조건은 상품설명서 참조",제한없음,"영업점,스마트폰","-1개월 이하:(일반) 정기적금 기본금리 1/2
(단, 최저금리 0.10%)
-1개월 초과~6개월 이하: (일반) 정기적금 기본금리의 1/4
(단, 최저금리 0.10%)
-6개월 초과 0.10%","1. 가입한도:
월300만원 이하
2. 1인 다계좌",,78,은행
우리은행,우리SUPER주거래적금,정액적립식,2.8,2.37,4.2,제한없음,단리,"우리은행
(홈페이지)
15885000
(대표번호)",2024-10-21,"개인금융솔루션부, 1588-5000
부동산금융부,  1588-5000","1. 거래실적 인정기간 동안 우리은행 입출식 계좌에서 아래 각 항목별 실적이 있는 월 수가 계약기간의 1/2이상인 경우
가. 급여/연금 이체 : 연 0.7%p
나. 공과금 자동이체 출금실적 : 0.3%p
다. 우리카드사 신용/체크카드 결제금액 10만원 이상 출금 : 연 0.3%p
2. 우리은행 상품서비스 마케팅 동의 항목 중 전화 및 SMS항목을 모두 동의한 후 만기해지시점까지 유지 : 연 0.1%p
3. 이 상품 가입 시 금리우대쿠폰 적용한 경우",제한없음,"영업점,인터넷,스마트폰,전화(텔레뱅킹)","만기 후
- 1개월이내 : 만기시점약정이율×50%
- 1개월초과 6개월이내: 만기시점약정이율×30%
- 6개월초과 : 만기시점약정이율×20%
※ 만기시점 약정이율 : 일반정기적금 금리","1. 가입기간 : 1년/2년/3년
2. 가입금액 : 월 50만원 이내",,79,은행
경남은행,행복 DREAM 적금,정액적립식,3.15,2.66,4.15,제한없음,단리,"경남은행
(홈페이지)
16008585
(대표번호)",2024-10-21,"리테일금융부(대출문의),055-290-8743
고객기획부(예·적금상품),1600-8585","①신규일로부터 6개월전까지 당행 적금 미보유 0.2%
②월부금이 50만원 이상인 경우 0.20%
③이 예금을 자동이체로 납입하는 경우 0.2%
④신용(체크)카드 최초발급 후 10만원 이내 이용 0.2%
⑤ 전자명함을 통한 신규 시 0.2%",제한없음,"영업점,인터넷,스마트폰","만기후 1개월 이내: 일반정기예금 기본이율의 50%
만기후 1개월 초과: 일반정기예금 기본이율의 20%","1. 계약기간은 1년 이상 3년 이하 월단위로 한다.
2. 적립금액은 5만원 이상, 최고금액은 제한없음",,80,은행
농협은행주식회사,NH고향사랑기부적금,자유적립식,3.15,2.66,4.15,제한없음,단리,"농협은행주식회사
(홈페이지)
16613000
(대표번호)",2024-11-14,"개인고객부, 02-2080-3397(개인 여신 상품), 3369(개인 수신 상품)","1. 고향사랑기부금 납부고객 우대 : 0.5%p
2-1. 만 65세 이상 고령자 우대 : 0.1%p
2-2. 만 19~34세 MZ고객 우대 : 0.3%p
3. NH채움카드 또는 [zgm.고향으로 카드] 이용실적 우대 : 0.1%p
4. 고향사랑특별금리 : 0.1%p(금리시장상황에 따라 변동 가능)
- 고향사랑특별금리는 상품 가입고객 모두에게 적용",제한없음,"영업점,인터넷,스마트폰","만기후 1년 이내 : 만기시점 계약기간별 기본금리의 1/2
만기후 1년 초과 : 보통예금 금리","1.초입금1만원 이상 및 매회 1천원 이상, 매월50만원이내
2. 고향사랑기부금 우대금리는 농협은행/농축협 영업점 또는 고향사랑e음 홈페이지를 통한 고향사랑기부금 납부실적이 확인되는 경우 제공
3. 연간 판매액의 0.1% 공익기금 적립
※자세한 사항은 상품설명서 참조",,81,은행
수협은행,Sh해양플라스틱Zero!적금 (정액적립식),정액적립식,3.5,2.96,4.0,제한없음,단리,"수협은행
(홈페이지)
15881515
(대표번호)",2024-10-21,"개인금융부(수신), 1588-1515
개인금융부(여신), 1588-1515","* 최대우대금리:0.5%
1. 해양플라스틱감축서약 : 0.1% (신규시)
2. 봉사활동 또는 상품홍보 : 0.2% (만기시)
3. 입출금통장 최초신규 : 0.2% (만기시)
4. 자동이체 출금실적 : 0.2% (만기시)
- 수협신용카드 / 당행 펀드 / 수협체크카드
※단위:연%p",제한없음,"영업점,인터넷,스마트폰","* 만기후 1년 이내
- 만기당시 정기적금
계약기간별 기본금리 1/2
* 만기후 1년 초과
- 만기당시 보통예금 기본금리","- 1인 1계좌
- 월 가입한도 : 100만원",,82,은행
우리은행,우리SUPER주거래적금,자유적립식,2.6,2.2,4.0,제한없음,단리,"우리은행
(홈페이지)
15885000
(대표번호)",2024-10-21,"개인금융솔루션부, 1588-5000
부동산금융부,  1588-5000","1. 거래실적 인정기간 동안 우리은행 입출식 계좌에서 아래 각 항목별 실적이 있는 월 수가 계약기간의 1/2이상인 경우
가. 급여/연금 이체 : 연 0.7%p
나. 공과금 자동이체 출금실적 : 0.3%p
다. 우리카드사 신용/체크카드 결제금액 10만원 이상 출금 : 연 0.3%p
2. 우리은행 상품서비스 마케팅 동의 항목 중 전화 및 SMS항목을 모두 동의한 후 만기해지시점까지 유지 : 연 0.1%p
3. 이 상품 가입 시 금리우대쿠폰 적용한 경우",제한없음,"영업점,인터넷,스마트폰,전화(텔레뱅킹)","만기 후
- 1개월이내 : 만기시점약정이율×50%
- 1개월초과 6개월이내: 만기시점약정이율×30%
- 6개월초과 : 만기시점약정이율×20%
※ 만기시점 약정이율 : 일반정기적금 금리","1. 가입기간 : 1년/2년/3년
2. 가입금액 : 월 50만원 이내",,83,은행
우리은행,WON적금,자유적립식,3.7,3.13,3.9,제한없음,단리,"우리은행
(홈페이지)
15885000
(대표번호)",,,,,,,,,84,은행
우리은행,WON적금,정액적립식,3.7,3.13,3.9,제한없음,단리,"우리은행
(홈페이지)
15885000
(대표번호)",2024-10-21,"개인금융솔루션부, 1588-5000
부동산금융부,  1588-5000","1. 아래 각 항(가, 나)의 조건을 충족하는 경우 합산 최대 연 0.2%p 우대
가. 이 적금을 우리꿈통장, WON통장에 연결하여 가입하는 경우 : 0.1%p
나. 우리 오픈뱅킹 서비스에 타행계좌가 등록되어 있는 경우 : 연 0.1%p",제한없음,"스마트폰,전화(텔레뱅킹)","만기 후
- 1개월이내 : 만기시점약정이율×50%
- 1개월초과 6개월이내: 만기시점약정이율×30%
- 6개월초과 : 만기시점약정이율×20%
※ 만기시점 약정이율 : 일반정기적금 금리","1. 가입기간 : 1년
2. 가입금액 : 월 50만원 이내",,85,은행
아이엠뱅크,내손안에 적금,정액적립식,3.31,2.8,3.86,제한없음,단리,"아이엠뱅크
(홈페이지)
15885050
(대표번호)",,,,,,,,,86,은행
농협은행주식회사,NH내가Green초록세상적금,자유적립식,2.85,2.41,3.85,제한없음,단리,"농협은행주식회사
(홈페이지)
16613000
(대표번호)",2024-11-14,"개인고객부, 02-2080-3397(개인 여신 상품), 3369(개인 수신 상품)","※ 우대금리 최대한도 : 1.0%p(연%, 세전)
1. 온실가스 줄이기 실천서약서 동의 : 0.1%p
2. 통장미발급 : 0.3%p
3. 손하나로인증 서비스 등록 : 0.2%p
4. 대중교통이용 : 0.2%p
5. NH내가Green초록세상예금 동시 보유 : 0.2%p",제한없음,"영업점,인터넷,스마트폰","만기후 1년 이내 : 만기시점 계약기간별 기본금리의 1/2
만기후 1년 초과 : 보통예금 금리","초입금5만원 이상 및 매회 1만원 이상, 매월50만원이내
(단, 만기일 전 3개월 이내에는 이전 적립금 합계액을 초과하여 입금불가)
※자세한 사항은 상품설명서 참조",,87,은행
광주은행,VIP플러스적금,정액적립식,3.3,2.79,3.8,제한없음,단리,"광주은행
(홈페이지)
15883388
(대표번호)",2024-10-21,"영업추진부 수신지원팀 062-239-5206          여신지원팀 062-239-6509
카드사업부 062-239-6107
*실제 상담은 인근영업점이나 당행 콜센터(1588-3388)로 문의","▶ 최고우대금리 0.50%p
①이 예금가입시 VIP고객이거나 가입일 이후부터 만기일전일까지 VIP고객에 선정된 경험이 있는 경우 : 0.3%p
②이 예금 가입일에 정기예금 500만원이상(만기 1년이상) 가입하고 만기일 전일까지 유지한 경우 : 0.2%p",제한없음,"영업점,인터넷,스마트폰","*만기후 1개월 이내: 만기일 당시 최초 가입 기간별 고시금리의 1/2
*만기후 1개월 초과: 0.1%","1. 가입기간 : 1년제
2. 가입금액 : 월10만원 이상 5백만원 이하 (1인1계좌)",,88,은행
수협은행,Sh해양플라스틱Zero!적금 (자유적립식),자유적립식,3.15,2.66,3.65,제한없음,단리,"수협은행
(홈페이지)
15881515
(대표번호)",2024-10-21,"개인금융부(수신), 1588-1515
개인금융부(여신), 1588-1515","* 최대우대금리:0.5%
1. 해양플라스틱감축서약 : 0.1% (신규시)
2. 봉사활동 또는 상품홍보 : 0.2% (만기시)
3. 입출금통장 최초신규 : 0.2% (만기시)
4. 자동이체 출금실적 : 0.2% (만기시)
- 수협신용카드 / 당행 펀드 / 수협체크카드
※단위:연%p",제한없음,"영업점,인터넷,스마트폰","* 만기후 1년 이내
- 만기당시 상호부금
계약기간별 기본금리 1/2
* 만기후 1년 초과
- 만기당시 보통예금 기본금리","- 1인 1계좌
- 월 가입한도 : 20만원",,89,은행
전북은행,JB 다이렉트적금(정액적립식),정액적립식,3.45,2.92,3.55,제한없음,단리,"전북은행
(홈페이지)
15884477
(대표번호)",2024-10-21,"수신추진부,
063-250-7469
여신기획부,
063-250-7370
* 실제 상담은 인근 영업점이나 당행 콜센터(1588-4477)로 문의","추가우대금리 :
당행 계좌간 자동이체를 통해 6회이상 입금한 경우
연 0.1% 금리우대",제한없음,"인터넷,스마트폰","√만기후 1개월이내 경과분 : 만기일 현재 계약기간별 정기적금(정액적립식) 실행이율의 1/2
√만기후 1개월초과 경과분 : 연 0.1%","1. 초회불입금 1만원이상, 1인당 월별 최고 5백만원이내
2. 인터넷뱅킹/스마트폰뱅킹 가입상품",,90,은행
광주은행,VIP플러스적금,자유적립식,3.0,2.54,3.5,제한없음,단리,"광주은행
(홈페이지)
15883388
(대표번호)",2024-10-21,"영업추진부 수신지원팀 062-239-5206          여신지원팀 062-239-6509
카드사업부 062-239-6107
*실제 상담은 인근영업점이나 당행 콜센터(1588-3388)로 문의","▶ 최고우대금리 0.50%p
①이 예금가입시 VIP고객이거나 가입일 이후부터 만기일전일까지 VIP고객에 선정된 경험이 있는 경우 : 0.3%p
②이 예금 가입일에 정기예금 500만원이상(만기 1년이상) 가입하고 만기일 전일까지 유지한 경우 : 0.2%p",제한없음,"영업점,인터넷,스마트폰","*만기후 1개월 이내: 만기일 당시 최초 가입 기간별 고시금리의 1/2
*만기후 1개월 초과: 0.1%","1. 가입기간 : 1년제
2. 가입금액 : 월10만원 이상 5백만원 이하 (1인1계좌)",,91,은행
전북은행,JB 다이렉트적금(자유적립식),자유적립식,3.35,2.83,3.45,제한없음,단리,"전북은행
(홈페이지)
15884477
(대표번호)",2024-10-21,"수신추진부,
063-250-7469
여신기획부,
063-250-7370
* 실제 상담은 인근 영업점이나 당행 콜센터(1588-4477)로 문의","추가우대금리 :
당행 계좌간 자동이체를 통해 이 예금으로 자동이체 된 금액에 0.1% 금리 우대",제한없음,"인터넷,스마트폰","√만기후 1개월이내 경과분 : 만기일 현재 계약기간별 정기적금(자유적립식) 실행이율의 1/2
√만기후 1개월초과 경과분 : 연 0.1%","1. 초회불입금 1만원이상, 1인당 월별 최고 1천만원이내
2. 만기직전 1개월간 적립합계는 이전기간 적립금액을 초과할 수 없음
3. 인터넷뱅킹/스마트폰뱅킹 가입상품",,92,은행
국민은행,KB국민프리미엄적금(정액),정액적립식,2.5,2.12,3.4,제한없음,단리,"국민은행
(홈페이지)
15889999
(대표번호)",2024-11-13,"(예금)수신상품부(P), 02-1588-9999
(대출)개인여신부(P), 02-1588-9999","① 단체가입/나라사랑/쿠폰 우대이율:
1년: 연 0.6%p, 2년: 연 0.7%p,
3년: 연 0.9%p, 5년: 연 1.0%p
(중복적용되지 않음, 계약기간별차등적용)
② 교차거래 우대이율: 연 0.3%p",제한없음,"영업점,인터넷,스마트폰,전화(텔레뱅킹)","- 1개월 이내 : 기본이율 X 50%
- 1개월 초과  ~ 3개월 이내 : 기본이율 X 30%
- 3개월 초과 : 0.1%",1인 1계좌,,93,은행
국민은행,KB맑은하늘적금,자유적립식,2.55,2.16,3.35,제한없음,단리,"국민은행
(홈페이지)
15889999
(대표번호)",2024-10-21,"(예금)수신상품부(P), 02-1588-9999
(대출)개인여신부(P), 02-1588-9999","맑은하늘을 위한 미션별 제공조건을 달성하는 경우 각 미션별 우대이율 제공
- 1년제 최고 연 0.8%p, 2년제 최고 연 0.9%p, 3년제 최고 연 1.0%p
① 종이통장 줄이기 미션: 연 0.1%p
② 종이서식 줄이기 미션: 연 0.2%p
③ 대중교통 미션: 1년제 연 0.4%p, 2년제 연 0.5%p, 3년제 연 0.6%p
④ 퀴즈미션: 연 0.1%p",제한없음,"영업점,인터넷,스마트폰","- 1개월 이내 : 기본이율 X 50%
- 1개월 초과  ~ 3개월 이내 : 기본이율 X 30%
- 3개월 초과 : 0.1%","공동명의 불가
(1인 최대 3계좌)",,94,은행
수협은행,Sh월복리자유적금,자유적립식,2.2,1.86,2.9,제한없음,복리,"수협은행
(홈페이지)
15881515
(대표번호)",2024-10-21,"개인금융부(수신), 1588-1515
개인금융부(여신), 1588-1515","*최대우대금리:0.7%
-첫거래고객:0.3%
-카드거래:최대0.3%
-복수거래:0.1%
-요구불거래:최대0.2%
-인터넷뱅킹고객:0.1%
-자동이체실적:0.1%
※단위:연%p",제한없음,"영업점,인터넷,스마트폰","* 만기후 1년 이내
- 만기당시 상호부금
계약기간별 기본금리 1/2
* 만기후 1년 초과
- 만기당시 보통예금 기본금리","- 1인 1계좌
- 월 가입한도 : 100만원",,95,은행
웰컴저축은행,웰뱅 라이킷(LIKIT) 적금,자유적립식,2.0,1.69,14.0,제한없음,단리,"웰컴저축은행
(홈페이지)
16610001
(대표번호)",2023-12-04,"예적금문의 16619400, 대출문의 16610001 공시담당 : 디지털금융기획팀","① 롯데카드 결제계좌를 당행 입출금통장으로 지정 및 납부실적 3개월 이상 (연 2.0%p)
롯데카드 우대조건
② LOCA LIKIT 카드 누적 이용실적 50만원 이상 (연 7.0%p)
③ LOCA LIKIT 카드 자동이체 납부 실적 3개월 이상 (연 3.0%p)",제한없음,스마트폰,"*만기 후 1개월 이하 : 이 예금의 가입 당시 약정금리나 만기시점의 동일 상품, 동일 계약기간(없을시, 가입 당시 약정금리) 신규약정금리 중 낮은 금리를 적용
*만기 후 1개월 초과 : 가입 당시 영업점 및 인터넷 홈페이지에 고시된 만기 후 1개월 초과 시 금리","*실적인정기간 : 적금 가입월부터 만기일의 전전월 말일
*단, 실적인정기간 동안 대상 카드(LOCA LIKIT) 교체/해지/탈회 시 우대금리 미적용 (월 최대 불입액 : 30만원)",,96,저축은행
웰컴저축은행,웰뱅 워킹 적금,정액적립식,1.0,0.85,10.0,제한없음,단리,"웰컴저축은행
(홈페이지)
16610001
(대표번호)",2023-09-18,"예적금문의 16619400, 대출문의 16610001 공시담당 : 디지털금융기획팀","① 연간 걸음수 달성여부에 따른 우대금리 지급
-1백만보 이상 1.0%p
-2백만보 이상 2.0%p
-3백만보 이상 3.0%p
-4백만보 이상 8.0%p
②6회 이상 당행 입출금 통장을 통한 자동이체로 적금 납입 시 연 1.0%p",제한없음,스마트폰,"- 만기 후 1개월 이하 : 이 예금의 가입 당시 약정금리나 만기시점의 동일 상품, 동일 계약기간의 신규약정금리 중 낮은 금리를 적용
- 만기시점의 동일 상품, 동일 계약기간이 없을 경우 가입 당시의 약정금리를 적용
- 만기 후 1개월 초과 : 연 0.1%",※ 월 최대 불입액 : 20만원,,97,저축은행
웰컴저축은행,WELCOME 아이사랑 정기적금,정액적립식,1.0,0.85,10.0,제한없음,단리,"웰컴저축은행
(홈페이지)
16610001
(대표번호)",2024-08-30,"예적금문의 16619400, 대출문의 16610001 공시담당 : 디지털금융기획팀","1) 계약기간의 2/3회 이상 웰컴 입출금통장을 통한 자동이체로 납입 : 4.0%p
2) 가입시점 만 16세이하 가구원수에 따른 우대
- 1명 : 1.0%p
- 2명 : 2.0%p
- 3명 이상 : 5.0%p",제한없음,"영업점,스마트폰","*만기 후 1개월 이하 : 이 예금의 가입 당시 약정금리나 만기시점의 동일 상품, 동일 계약기간의 신규약정금리 중 낮은 금리를 적용
*만기 후 1개월 초과 : 연 0.1%
※ 만기시점의 동일 상품, 동일 계약기간이 없을 경우 가입 당시의 약정금리를 적용",1인당 가입한도 월 10만원 (1인 1계좌),https://www.welcomebank.co.kr/,98,저축은행
웰컴저축은행,WELCOME 첫거래우대 e정기적금,정액적립식,3.7,3.13,7.0,제한없음,단리,"웰컴저축은행
(홈페이지)
16610001
(대표번호)",2023-06-21,"예적금문의 16619400, 대출문의 16610001 공시담당 : 디지털금융기획팀","① 8회 이상 당행 입출금통장 통한 자동이체로 납입 시 연 1.8%p
② 적금 신규일부터 계약상 만기일 전일까지의 입출금통장 평잔 50만원 이상 시 연 1.5%p",제한없음,인터넷,"*만기 후 1개월 이하 : 이 예금의 가입 당시 약정금리나 만기시점의 동일 상품, 동일 계약기간의 신규약정금리 중 낮은 금리를 적용
*만기 후 1개월 초과 : 연 0.1%
※ 만기시점의 동일 상품, 동일 계약기간이 없을 경우 가입 당시의 약정금리를 적용",본 상품은 최초 개설한 예·적금 가입일로부터 30일 이내 가입 가능합니다. (30일 경과시 가입 불가),,99,저축은행
웰컴저축은행,WELCOME 첫거래우대 m정기적금,정액적립식,3.7,3.13,7.0,제한없음,단리,"웰컴저축은행
(홈페이지)
16610001
(대표번호)",2023-06-21,"예적금문의 16619400, 대출문의 16610001 공시담당 : 디지털금융기획팀","① 8회 이상 당행 입출금통장 통한 자동이체로 납입 시 연 1.8%p
② 적금 신규일부터 계약상 만기일 전일까지의 입출금통장 평잔 50만원 이상 시 연 1.5%p",제한없음,스마트폰,"*만기 후 1개월 이하 : 이 예금의 가입 당시 약정금리나 만기시점의 동일 상품, 동일 계약기간의 신규약정금리 중 낮은 금리를 적용
*만기 후 1개월 초과 : 연 0.1%
※ 만기시점의 동일 상품, 동일 계약기간이 없을 경우 가입 당시의 약정금리를 적용",본 상품은 최초 개설한 예·적금 가입일로부터 30일 이내 가입 가능합니다. (30일 경과시 가입 불가),,100,저축은행
디비저축은행,M-With 유 정기적금(모바일),정액적립식,4.0,3.38,6.5,제한없음,단리,"디비저축은행
(홈페이지)
16004902
(대표번호)",2024-11-13,"고객문의 1600-4902, (공시)개인금융팀 0237051684","약정이율 최대 6.5% =기본4.0% + 우대2.5%(최대)
1) 가입일기준 당행 예적금가입이력 없는 첫거래/동일상품 한달이내 만기해지이력 존재고객 +1.0%
2) 만 19세 이상 만 39세 이하 +0.5%
3) 계약기간중 앱이용 입출금거래 월2회이상 6개월이상 유지 +0.5%
4) 상품서비스안내 및 마케팅 전체 동의 +0.5%",제한없음,스마트폰,"1개월 이하: 신규 당시 약정이율 또는 만기시점 동일상품 동일계약기간의 신규 고시금리 중 낮은 이율
1개월 초과: 0.1%","가입금액: 1만원 이상 30만원이하까지 / 가입채널: 스마트뱅킹, SB톡톡+",https://www.idbsb.com/,101,저축은행
웰컴저축은행,웰컴 페이적금,정액적립식,1.0,0.85,6.5,제한없음,단리,"웰컴저축은행
(홈페이지)
16610001
(대표번호)",2024-07-30,"예적금문의 16619400, 대출문의 16610001 공시담당 : 디지털금융기획팀","1) 계약기간의 2/3회 이상 웰컴 입출금통장을 통한 자동이체로 납입 : 2.0%p
2) 웰컴 입출금통장을 연결하여 거래한 간편결제 또는 체크카드 월평균 이용 실적
- 10만원 이상 30만원 미만 : 1.5%p
- 30만원 이상 50만원 미만 : 2.0%p
- 50만원 이상 : 3.5%p",제한없음,"영업점,인터넷,스마트폰","*만기 후 1개월 이하 : 이 예금의 가입 당시 약정금리나 만기시점의 동일 상품, 동일 계약기간의 신규약정금리 중 낮은 금리를 적용
*만기 후 1개월 초과 : 연 0.1%
※ 만기시점의 동일 상품, 동일 계약기간이 없을 경우 가입 당시의 약정금리를 적용","1인당 가입한도 월 30만원 (1인 1계좌, WELCOME 체크플러스2 정기적금 보유자 가입 불가)",https://www.welcomebank.co.kr/,102,저축은행
하나저축은행,정기적금,정액적립식,3.9,3.3,6.3,제한없음,복리,"하나저축은행
(홈페이지)
18991122
(대표번호)",2024-08-06,(예적금)수신기획팀 0222302562 (개인대출)리테일금융부 0222302817,"* 최고우대금리 : 2.4%
- 인터넷/스마트뱅킹/모바일브랜치/SB톡톡(비대면)가입시 : 0.1%
사회적배려대상 고객가입시 (영업점 가입,1인 1계좌(활동좌),월 불입금 50만원 까지)
:2.4%
※ 단위는 연%p",제한없음,"영업점,인터넷,스마트폰","-1개월 이내 :가입 당시 약정금리
-1개월 초과 : 현행 고시 보통예금 금리","1..최저 가입금액 : 1만원이상
2. 중도해지금리
-1개월미만 : 보통예금 금리
-1개월이상 : 약정금리 * (경과월수 / 계약월수)*차등율
-1개월이상~12개월미만(차등율:60%)
-12개월이상~24개월미만(차등율:70%)
-24개월 이상(차등율 80%)",,103,저축은행
대방 신용협동조합,e-파란적금(비대면),정액적립식,4.0,3.38,6.0,제한없음,단리,"신용협동조합
(홈페이지)
15666000
(대표번호)",2024-10-21,대방신용협동조합 02-842-8332,"거래조건에 따라 최고 0.0%p 우대금리 제공
①자동이체 납입실적 : 0.0%p
②장기가입조합원 : 최대 0.0%p
③비대면 기한부예금 가입실적 : 0.0%p
④신협체크카드 결제실적 : 0.0%p
⑤급여이체 실적 : 0.0%p",제한없음,스마트폰,"만기후 1개월 미만 : 만기일 당시 신규 기본이율의 1/2
만기후 1개월 이상 ~ 3개월 미만 : 만기일 당시 신규 기본이율의 1/3
만기후 3개월 이상 ~ 6개월 미만 : 만기일 당시 신규 기본이율의 1/6
만기후 6개월 이상 : 만기일 당시 보통예탁금 이율
기재된 구간별 만기후 이자율은 최저이율이며 그 이상으로 지급 될 수 있습니다.","가입금액 : 월 1만원 이상
납입한도 : 월 100만원 이내
가입기간 : 1년 이상 5년 이내(연단위)",http://www.cu.co.kr/product/ad/fnncGoods/selectFnncGoodsDpstInfo51.do?fnncGoodsSn=66,104,신용협동조합
북부산 신용협동조합,e-파란적금(비대면),정액적립식,4.0,3.38,6.0,제한없음,단리,"신용협동조합
(홈페이지)
15666000
(대표번호)",2024-10-21,북부산신용협동조합 051-362-8400,"거래조건에 따라 최고 0.0%p 우대금리 제공
①자동이체 납입실적 : 0.0%p
②장기가입조합원 : 최대 0.0%p
③비대면 기한부예금 가입실적 : 0.0%p
④신협체크카드 결제실적 : 0.0%p
⑤급여이체 실적 : 0.0%p",제한없음,스마트폰,"만기후 1개월 미만 : 만기일 당시 신규 기본이율의 1/2
만기후 1개월 이상 ~ 3개월 미만 : 만기일 당시 신규 기본이율의 1/3
만기후 3개월 이상 ~ 6개월 미만 : 만기일 당시 신규 기본이율의 1/6
만기후 6개월 이상 : 만기일 당시 보통예탁금 이율
기재된 구간별 만기후 이자율은 최저이율이며 그 이상으로 지급 될 수 있습니다.","가입금액 : 월 1만원 이상
납입한도 : 월 100만원 이내
가입기간 : 1년 이상 5년 이내(연단위)",http://www.cu.co.kr/product/ad/fnncGoods/selectFnncGoodsDpstInfo51.do?fnncGoodsSn=66,105,신용협동조합
웰컴저축은행,웰뱅 든든적금,정액적립식,2.0,1.69,6.0,제한없음,단리,"웰컴저축은행
(홈페이지)
16610001
(대표번호)",2021-08-13,"예적금문의 16619400, 대출문의 16610001 공시담당 : 디지털금융기획팀","- 최초 개설한 예·적금 가입일로부터 30일 이내 본 적금 가입 시 : 연 1.0%p
- 적금 가입 시점 예금주 신용평점에 따라 우대 : 최대 연 3.0%p
▶ 신용평점 850점 이하 ~ 650점 초과(연 1.0%p), 신용평점 650점 이하 ~ 350점 초과 (연 2.0%p), 신용평점 350점 이하 ~ 1점 이상(연 3.0%p)",제한없음,"인터넷,스마트폰","- 만기 후 1개월 이하 : 이 예금의 가입 당시 약정금리나 만기시점의 동일 상품, 동일 계약기간의 신규약정금리 중 낮은 금리를 적용하며, 만기시점의 동일 상품, 동일 계약기간이 없을 경우 가입 당시의 약정금리를 적용
- 만기 후 1개월 초과 : 연 0.1%","※ 신용평점별 우대금리 적용을 위해 적금 가입 시 개인(신용)정보 조회 동의가 필요하며, 미동의 시 신용평점별 우대금리 적용이 불가합니다. ※ 적금 가입 시점 NICE평가정보를 통해 조회된 신용평점을 기준으로 우대이율이 확정됩니다. ※ 월 최대 불입액 : 30만원",,106,저축은행
도림 신용협동조합,e-파란적금(비대면),정액적립식,4.1,3.47,5.9,제한없음,단리,"신용협동조합
(홈페이지)
15666000
(대표번호)",2024-10-21,도림신용협동조합 02-841-5011,"거래조건에 따라 최고 0.0%p 우대금리 제공
①자동이체 납입실적 : 0.0%p
②장기가입조합원 : 최대 0.0%p
③비대면 기한부예금 가입실적 : 0.0%p
④신협체크카드 결제실적 : 0.0%p
⑤급여이체 실적 : 0.0%p",제한없음,스마트폰,"만기후 1개월 미만 : 만기일 당시 신규 기본이율의 1/2
만기후 1개월 이상 ~ 3개월 미만 : 만기일 당시 신규 기본이율의 1/3
만기후 3개월 이상 ~ 6개월 미만 : 만기일 당시 신규 기본이율의 1/6
만기후 6개월 이상 : 만기일 당시 보통예탁금 이율
기재된 구간별 만기후 이자율은 최저이율이며 그 이상으로 지급 될 수 있습니다.","가입금액 : 월 1만원 이상
납입한도 : 월 100만원 이내
가입기간 : 1년 이상 5년 이내(연단위)",http://www.cu.co.kr/product/ad/fnncGoods/selectFnncGoodsDpstInfo51.do?fnncGoodsSn=66,107,신용협동조합
전북치과의사 신용협동조합,e-파란적금(비대면),정액적립식,4.0,3.38,5.7,제한없음,단리,"신용협동조합
(홈페이지)
15666000
(대표번호)",2024-10-21,전북치과의사신용협동조합 063-904-2875,"거래조건에 따라 최고 0.0%p 우대금리 제공
①자동이체 납입실적 : 0.0%p
②장기가입조합원 : 최대 0.0%p
③비대면 기한부예금 가입실적 : 0.0%p
④신협체크카드 결제실적 : 0.0%p
⑤급여이체 실적 : 0.0%p",제한없음,스마트폰,"만기후 1개월 미만 : 만기일 당시 신규 기본이율의 1/2
만기후 1개월 이상 ~ 3개월 미만 : 만기일 당시 신규 기본이율의 1/3
만기후 3개월 이상 ~ 6개월 미만 : 만기일 당시 신규 기본이율의 1/6
만기후 6개월 이상 : 만기일 당시 보통예탁금 이율
기재된 구간별 만기후 이자율은 최저이율이며 그 이상으로 지급 될 수 있습니다.","가입금액 : 월 1만원 이상
납입한도 : 월 100만원 이내
가입기간 : 1년 이상 5년 이내(연단위)",http://www.cu.co.kr/product/ad/fnncGoods/selectFnncGoodsDpstInfo51.do?fnncGoodsSn=66,108,신용협동조합
서울서부 신용협동조합,e-파란적금(비대면),정액적립식,3.9,3.3,5.6,제한없음,단리,"신용협동조합
(홈페이지)
15666000
(대표번호)",2024-10-21,서울서부신용협동조합 02-2691-8881,"거래조건에 따라 최고 0.0%p 우대금리 제공
①자동이체 납입실적 : 0.0%p
②장기가입조합원 : 최대 0.0%p
③비대면 기한부예금 가입실적 : 0.0%p
④신협체크카드 결제실적 : 0.0%p
⑤급여이체 실적 : 0.0%p",제한없음,스마트폰,"만기후 1개월 미만 : 만기일 당시 신규 기본이율의 1/2
만기후 1개월 이상 ~ 3개월 미만 : 만기일 당시 신규 기본이율의 1/3
만기후 3개월 이상 ~ 6개월 미만 : 만기일 당시 신규 기본이율의 1/6
만기후 6개월 이상 : 만기일 당시 보통예탁금 이율
기재된 구간별 만기후 이자율은 최저이율이며 그 이상으로 지급 될 수 있습니다.","가입금액 : 월 1만원 이상
납입한도 : 월 100만원 이내
가입기간 : 1년 이상 5년 이내(연단위)",http://www.cu.co.kr/product/ad/fnncGoods/selectFnncGoodsDpstInfo51.do?fnncGoodsSn=66,109,신용협동조합
주덕 신용협동조합,e-파란적금(비대면),정액적립식,4.1,3.47,5.6,제한없음,단리,"신용협동조합
(홈페이지)
15666000
(대표번호)",2024-10-21,주덕신용협동조합 043-846-6254,"거래조건에 따라 최고 0.0%p 우대금리 제공
①자동이체 납입실적 : 0.0%p
②장기가입조합원 : 최대 0.0%p
③비대면 기한부예금 가입실적 : 0.0%p
④신협체크카드 결제실적 : 0.0%p
⑤급여이체 실적 : 0.0%p",제한없음,스마트폰,"만기후 1개월 미만 : 만기일 당시 신규 기본이율의 1/2
만기후 1개월 이상 ~ 3개월 미만 : 만기일 당시 신규 기본이율의 1/3
만기후 3개월 이상 ~ 6개월 미만 : 만기일 당시 신규 기본이율의 1/6
만기후 6개월 이상 : 만기일 당시 보통예탁금 이율
기재된 구간별 만기후 이자율은 최저이율이며 그 이상으로 지급 될 수 있습니다.","가입금액 : 월 1만원 이상
납입한도 : 월 100만원 이내
가입기간 : 1년 이상 5년 이내(연단위)",http://www.cu.co.kr/product/ad/fnncGoods/selectFnncGoodsDpstInfo51.do?fnncGoodsSn=66,110,신용협동조합
대구가온 신용협동조합,e-파란적금(비대면),정액적립식,4.15,3.51,5.5,제한없음,단리,"신용협동조합
(홈페이지)
15666000
(대표번호)",2024-10-21,대구가온신용협동조합 053-557-9122,"거래조건에 따라 최고 0.0%p 우대금리 제공
①자동이체 납입실적 : 0.0%p
②장기가입조합원 : 최대 0.0%p
③비대면 기한부예금 가입실적 : 0.0%p
④신협체크카드 결제실적 : 0.0%p
⑤급여이체 실적 : 0.0%p",제한없음,스마트폰,"만기후 1개월 미만 : 만기일 당시 신규 기본이율의 1/2
만기후 1개월 이상 ~ 3개월 미만 : 만기일 당시 신규 기본이율의 1/3
만기후 3개월 이상 ~ 6개월 미만 : 만기일 당시 신규 기본이율의 1/6
만기후 6개월 이상 : 만기일 당시 보통예탁금 이율
기재된 구간별 만기후 이자율은 최저이율이며 그 이상으로 지급 될 수 있습니다.","가입금액 : 월 1만원 이상
납입한도 : 월 100만원 이내
가입기간 : 1년 이상 5년 이내(연단위)",http://www.cu.co.kr/product/ad/fnncGoods/selectFnncGoodsDpstInfo51.do?fnncGoodsSn=66,111,신용협동조합
부산행복 신용협동조합,e-파란적금(비대면),정액적립식,4.0,3.38,5.5,제한없음,단리,"신용협동조합
(홈페이지)
15666000
(대표번호)",2024-10-21,부산행복신용협동조합 051-341-2485,"거래조건에 따라 최고 0.0%p 우대금리 제공
①자동이체 납입실적 : 0.0%p
②장기가입조합원 : 최대 0.0%p
③비대면 기한부예금 가입실적 : 0.0%p
④신협체크카드 결제실적 : 0.0%p
⑤급여이체 실적 : 0.0%p",제한없음,스마트폰,"만기후 1개월 미만 : 만기일 당시 신규 기본이율의 1/2
만기후 1개월 이상 ~ 3개월 미만 : 만기일 당시 신규 기본이율의 1/3
만기후 3개월 이상 ~ 6개월 미만 : 만기일 당시 신규 기본이율의 1/6
만기후 6개월 이상 : 만기일 당시 보통예탁금 이율
기재된 구간별 만기후 이자율은 최저이율이며 그 이상으로 지급 될 수 있습니다.","가입금액 : 월 1만원 이상
납입한도 : 월 100만원 이내
가입기간 : 1년 이상 5년 이내(연단위)",http://www.cu.co.kr/product/ad/fnncGoods/selectFnncGoodsDpstInfo51.do?fnncGoodsSn=66,112,신용협동조합
웰컴저축은행,웰뱅하자 정기적금,정액적립식,1.0,0.85,5.5,제한없음,단리,"웰컴저축은행
(홈페이지)
16610001
(대표번호)",2024-08-30,"예적금문의 16619400, 대출문의 16610001 공시담당 : 디지털금융기획팀","1) 웰컴 입출금통장에서 CMS/지로 자동납부 월 2건이상 실적이 계약기간의 2/3회 이상 : 3.5%p
2) 웰컴 입출금통장 평잔 실적이 50만원 이상 : 1.0%p",제한없음,"영업점,인터넷,스마트폰","*만기 후 1개월 이하 : 이 예금의 가입 당시 약정금리나 만기시점의 동일 상품, 동일 계약기간의 신규약정금리 중 낮은 금리를 적용
*만기 후 1개월 초과 : 연 0.1%
※ 만기시점의 동일 상품, 동일 계약기간이 없을 경우 가입 당시의 약정금리를 적용",1인당 가입한도 월 20만원 (1인 1계좌),https://www.welcomebank.co.kr/,113,저축은행
강서 신용협동조합,e-파란적금(비대면),정액적립식,4.0,3.38,5.4,제한없음,단리,"신용협동조합
(홈페이지)
15666000
(대표번호)",2024-10-21,강서신용협동조합 02-2664-2747,"거래조건에 따라 최고 0.0%p 우대금리 제공
①자동이체 납입실적 : 0.0%p
②장기가입조합원 : 최대 0.0%p
③비대면 기한부예금 가입실적 : 0.0%p
④신협체크카드 결제실적 : 0.0%p
⑤급여이체 실적 : 0.0%p",제한없음,스마트폰,"만기후 1개월 미만 : 만기일 당시 신규 기본이율의 1/2
만기후 1개월 이상 ~ 3개월 미만 : 만기일 당시 신규 기본이율의 1/3
만기후 3개월 이상 ~ 6개월 미만 : 만기일 당시 신규 기본이율의 1/6
만기후 6개월 이상 : 만기일 당시 보통예탁금 이율
기재된 구간별 만기후 이자율은 최저이율이며 그 이상으로 지급 될 수 있습니다.","가입금액 : 월 1만원 이상
납입한도 : 월 100만원 이내
가입기간 : 1년 이상 5년 이내(연단위)",http://www.cu.co.kr/product/ad/fnncGoods/selectFnncGoodsDpstInfo51.do?fnncGoodsSn=66,114,신용협동조합
무안 신용협동조합,e-파란적금(비대면),정액적립식,4.0,3.38,5.3,제한없음,단리,"신용협동조합
(홈페이지)
15666000
(대표번호)",2024-10-21,무안신용협동조합 061-452-9998,"거래조건에 따라 최고 0.0%p 우대금리 제공
①자동이체 납입실적 : 0.0%p
②장기가입조합원 : 최대 0.0%p
③비대면 기한부예금 가입실적 : 0.0%p
④신협체크카드 결제실적 : 0.0%p
⑤급여이체 실적 : 0.0%p",제한없음,스마트폰,"만기후 1개월 미만 : 만기일 당시 신규 기본이율의 1/2
만기후 1개월 이상 ~ 3개월 미만 : 만기일 당시 신규 기본이율의 1/3
만기후 3개월 이상 ~ 6개월 미만 : 만기일 당시 신규 기본이율의 1/6
만기후 6개월 이상 : 만기일 당시 보통예탁금 이율
기재된 구간별 만기후 이자율은 최저이율이며 그 이상으로 지급 될 수 있습니다.","가입금액 : 월 1만원 이상
납입한도 : 월 100만원 이내
가입기간 : 1년 이상 5년 이내(연단위)",http://www.cu.co.kr/product/ad/fnncGoods/selectFnncGoodsDpstInfo51.do?fnncGoodsSn=66,115,신용협동조합
광명 신용협동조합,e-파란적금(비대면),정액적립식,4.0,3.38,5.2,제한없음,단리,"신용협동조합
(홈페이지)
15666000
(대표번호)",2024-10-21,광명신용협동조합 02-2685-2233,"거래조건에 따라 최고 0.0%p 우대금리 제공
①자동이체 납입실적 : 0.0%p
②장기가입조합원 : 최대 0.0%p
③비대면 기한부예금 가입실적 : 0.0%p
④신협체크카드 결제실적 : 0.0%p
⑤급여이체 실적 : 0.0%p",제한없음,스마트폰,"만기후 1개월 미만 : 만기일 당시 신규 기본이율의 1/2
만기후 1개월 이상 ~ 3개월 미만 : 만기일 당시 신규 기본이율의 1/3
만기후 3개월 이상 ~ 6개월 미만 : 만기일 당시 신규 기본이율의 1/6
만기후 6개월 이상 : 만기일 당시 보통예탁금 이율
기재된 구간별 만기후 이자율은 최저이율이며 그 이상으로 지급 될 수 있습니다.","가입금액 : 월 1만원 이상
납입한도 : 월 100만원 이내
가입기간 : 1년 이상 5년 이내(연단위)",http://www.cu.co.kr/product/ad/fnncGoods/selectFnncGoodsDpstInfo51.do?fnncGoodsSn=66,116,신용협동조합
든솔 신용협동조합,e-파란적금(비대면),정액적립식,4.1,3.47,5.1,제한없음,단리,"신용협동조합
(홈페이지)
15666000
(대표번호)",2024-10-21,든솔신용협동조합 02-859-3444,"거래조건에 따라 최고 0.0%p 우대금리 제공
①자동이체 납입실적 : 0.0%p
②장기가입조합원 : 최대 0.0%p
③비대면 기한부예금 가입실적 : 0.0%p
④신협체크카드 결제실적 : 0.0%p
⑤급여이체 실적 : 0.0%p",제한없음,스마트폰,"만기후 1개월 미만 : 만기일 당시 신규 기본이율의 1/2
만기후 1개월 이상 ~ 3개월 미만 : 만기일 당시 신규 기본이율의 1/3
만기후 3개월 이상 ~ 6개월 미만 : 만기일 당시 신규 기본이율의 1/6
만기후 6개월 이상 : 만기일 당시 보통예탁금 이율
기재된 구간별 만기후 이자율은 최저이율이며 그 이상으로 지급 될 수 있습니다.","가입금액 : 월 1만원 이상
납입한도 : 월 100만원 이내
가입기간 : 1년 이상 5년 이내(연단위)",http://www.cu.co.kr/product/ad/fnncGoods/selectFnncGoodsDpstInfo51.do?fnncGoodsSn=66,117,신용협동조합
안성제일 신용협동조합,e-파란적금(비대면),정액적립식,4.5,3.81,5.1,제한없음,단리,"신용협동조합
(홈페이지)
15666000
(대표번호)",2024-10-21,안성제일신용협동조합 031-672-2608,"거래조건에 따라 최고 0.0%p 우대금리 제공
①자동이체 납입실적 : 0.0%p
②장기가입조합원 : 최대 0.0%p
③비대면 기한부예금 가입실적 : 0.0%p
④신협체크카드 결제실적 : 0.0%p
⑤급여이체 실적 : 0.0%p",제한없음,스마트폰,"만기후 1개월 미만 : 만기일 당시 신규 기본이율의 1/2
만기후 1개월 이상 ~ 3개월 미만 : 만기일 당시 신규 기본이율의 1/3
만기후 3개월 이상 ~ 6개월 미만 : 만기일 당시 신규 기본이율의 1/6
만기후 6개월 이상 : 만기일 당시 보통예탁금 이율
기재된 구간별 만기후 이자율은 최저이율이며 그 이상으로 지급 될 수 있습니다.","가입금액 : 월 1만원 이상
납입한도 : 월 100만원 이내
가입기간 : 1년 이상 5년 이내(연단위)",http://www.cu.co.kr/product/ad/fnncGoods/selectFnncGoodsDpstInfo51.do?fnncGoodsSn=66,118,신용협동조합
연수송도 신용협동조합,e-파란적금(비대면),정액적립식,4.1,3.47,5.1,제한없음,단리,"신용협동조합
(홈페이지)
15666000
(대표번호)",2024-10-21,연수송도신용협동조합 032-851-9800,"거래조건에 따라 최고 0.0%p 우대금리 제공
①자동이체 납입실적 : 0.0%p
②장기가입조합원 : 최대 0.0%p
③비대면 기한부예금 가입실적 : 0.0%p
④신협체크카드 결제실적 : 0.0%p
⑤급여이체 실적 : 0.0%p",제한없음,스마트폰,"만기후 1개월 미만 : 만기일 당시 신규 기본이율의 1/2
만기후 1개월 이상 ~ 3개월 미만 : 만기일 당시 신규 기본이율의 1/3
만기후 3개월 이상 ~ 6개월 미만 : 만기일 당시 신규 기본이율의 1/6
만기후 6개월 이상 : 만기일 당시 보통예탁금 이율
기재된 구간별 만기후 이자율은 최저이율이며 그 이상으로 지급 될 수 있습니다.","가입금액 : 월 1만원 이상
납입한도 : 월 100만원 이내
가입기간 : 1년 이상 5년 이내(연단위)",http://www.cu.co.kr/product/ad/fnncGoods/selectFnncGoodsDpstInfo51.do?fnncGoodsSn=66,119,신용협동조합
전주행복 신용협동조합,e-파란적금(비대면),정액적립식,4.5,3.81,5.1,제한없음,단리,"신용협동조합
(홈페이지)
15666000
(대표번호)",2024-10-21,전주행복신용협동조합 063-213-1577,"거래조건에 따라 최고 0.0%p 우대금리 제공
①자동이체 납입실적 : 0.0%p
②장기가입조합원 : 최대 0.0%p
③비대면 기한부예금 가입실적 : 0.0%p
④신협체크카드 결제실적 : 0.0%p
⑤급여이체 실적 : 0.0%p",제한없음,스마트폰,"만기후 1개월 미만 : 만기일 당시 신규 기본이율의 1/2
만기후 1개월 이상 ~ 3개월 미만 : 만기일 당시 신규 기본이율의 1/3
만기후 3개월 이상 ~ 6개월 미만 : 만기일 당시 신규 기본이율의 1/6
만기후 6개월 이상 : 만기일 당시 보통예탁금 이율
기재된 구간별 만기후 이자율은 최저이율이며 그 이상으로 지급 될 수 있습니다.","가입금액 : 월 1만원 이상
납입한도 : 월 100만원 이내
가입기간 : 1년 이상 5년 이내(연단위)",http://www.cu.co.kr/product/ad/fnncGoods/selectFnncGoodsDpstInfo51.do?fnncGoodsSn=66,120,신용협동조합
담양한빛 신용협동조합,e-파란적금(비대면),정액적립식,4.4,3.72,5.0,제한없음,단리,"신용협동조합
(홈페이지)
15666000
(대표번호)",2024-10-21,담양한빛신용협동조합 061-383-1222,"거래조건에 따라 최고 0.0%p 우대금리 제공
①자동이체 납입실적 : 0.0%p
②장기가입조합원 : 최대 0.0%p
③비대면 기한부예금 가입실적 : 0.0%p
④신협체크카드 결제실적 : 0.0%p
⑤급여이체 실적 : 0.0%p",제한없음,스마트폰,"만기후 1개월 미만 : 만기일 당시 신규 기본이율의 1/2
만기후 1개월 이상 ~ 3개월 미만 : 만기일 당시 신규 기본이율의 1/3
만기후 3개월 이상 ~ 6개월 미만 : 만기일 당시 신규 기본이율의 1/6
만기후 6개월 이상 : 만기일 당시 보통예탁금 이율
기재된 구간별 만기후 이자율은 최저이율이며 그 이상으로 지급 될 수 있습니다.","가입금액 : 월 1만원 이상
납입한도 : 월 100만원 이내
가입기간 : 1년 이상 5년 이내(연단위)",http://www.cu.co.kr/product/ad/fnncGoods/selectFnncGoodsDpstInfo51.do?fnncGoodsSn=66,121,신용협동조합
동작 신용협동조합,e-파란적금(비대면),정액적립식,4.0,3.38,5.0,제한없음,단리,"신용협동조합
(홈페이지)
15666000
(대표번호)",2024-10-21,동작신용협동조합 02-826-6300,"거래조건에 따라 최고 0.0%p 우대금리 제공
①자동이체 납입실적 : 0.0%p
②장기가입조합원 : 최대 0.0%p
③비대면 기한부예금 가입실적 : 0.0%p
④신협체크카드 결제실적 : 0.0%p
⑤급여이체 실적 : 0.0%p",제한없음,스마트폰,"만기후 1개월 미만 : 만기일 당시 신규 기본이율의 1/2
만기후 1개월 이상 ~ 3개월 미만 : 만기일 당시 신규 기본이율의 1/3
만기후 3개월 이상 ~ 6개월 미만 : 만기일 당시 신규 기본이율의 1/6
만기후 6개월 이상 : 만기일 당시 보통예탁금 이율
기재된 구간별 만기후 이자율은 최저이율이며 그 이상으로 지급 될 수 있습니다.","가입금액 : 월 1만원 이상
납입한도 : 월 100만원 이내
가입기간 : 1년 이상 5년 이내(연단위)",http://www.cu.co.kr/product/ad/fnncGoods/selectFnncGoodsDpstInfo51.do?fnncGoodsSn=66,122,신용협동조합
반월 신용협동조합,e-파란적금(비대면),정액적립식,4.5,3.81,5.0,제한없음,단리,"신용협동조합
(홈페이지)
15666000
(대표번호)",2024-10-21,반월신용협동조합 031-437-0117,"거래조건에 따라 최고 0.0%p 우대금리 제공
①자동이체 납입실적 : 0.0%p
②장기가입조합원 : 최대 0.0%p
③비대면 기한부예금 가입실적 : 0.0%p
④신협체크카드 결제실적 : 0.0%p
⑤급여이체 실적 : 0.0%p",제한없음,스마트폰,"만기후 1개월 미만 : 만기일 당시 신규 기본이율의 1/2
만기후 1개월 이상 ~ 3개월 미만 : 만기일 당시 신규 기본이율의 1/3
만기후 3개월 이상 ~ 6개월 미만 : 만기일 당시 신규 기본이율의 1/6
만기후 6개월 이상 : 만기일 당시 보통예탁금 이율
기재된 구간별 만기후 이자율은 최저이율이며 그 이상으로 지급 될 수 있습니다.","가입금액 : 월 1만원 이상
납입한도 : 월 100만원 이내
가입기간 : 1년 이상 5년 이내(연단위)",http://www.cu.co.kr/product/ad/fnncGoods/selectFnncGoodsDpstInfo51.do?fnncGoodsSn=66,123,신용협동조합
서울건축사 신용협동조합,유니온정기적금(비대면),정액적립식,4.5,3.81,5.0,제한없음,단리,"신용협동조합
(홈페이지)
15666000
(대표번호)",2024-10-21,서울건축사신용협동조합 02-583-5040,없음,제한없음,스마트폰,"만기후 1개월 미만 : 만기일 당시 신규 기본이율의 1/2
만기후 1개월 이상 ~ 3개월 미만 : 만기일 당시 신규 기본이율의 1/3
만기후 3개월 이상 ~ 6개월 미만 : 만기일 당시 신규 기본이율의 1/6
만기후 6개월 이상 : 만기일 당시 보통예탁금 이율
기재된 구간별 만기후 이자율은 최저이율이며 그 이상으로 지급 될 수 있습니다.","가입금액 : 월 1만원 이상
가입기간 : 3개월 이상 3년 이하(연, 월단위)",http://www.cu.co.kr/product/ad/fnncGoods/selectFnncGoodsDpst2Info.do?fnncGoodsSn=125,124,신용협동조합
서울남부 신용협동조합,하나더적금(대면),정액적립식,5.0,4.23,5.0,제한없음,단리,"신용협동조합
(홈페이지)
15666000
(대표번호)",2024-10-21,서울남부신용협동조합 02-869-5454,없음,제한없음,영업점,"만기후 1개월 미만 : 만기일 당시 신규 기본이율의 1/2
만기후 1개월 이상 ~ 3개월 미만 : 만기일 당시 신규 기본이율의 1/3
만기후 3개월 이상 ~ 6개월 미만 : 만기일 당시 신규 기본이율의 1/6
만기후 6개월 이상 : 만기일 당시 보통예탁금 이율
기재된 구간별 만기후 이자율은 최저이율이며 그 이상으로 지급 될 수 있습니다.","가입금액 : 월 1천원 이상
가입기간 : 6개월 이상 5년 이하(월단위)",http://www.cu.co.kr/product/ad/fnncGoods/selectFnncGoodsDpstInfo51.do?fnncGoodsSn=98,125,신용협동조합
세람저축은행,착한운전정기적금,정액적립식,4.0,3.38,5.0,제한없음,단리,"세람저축은행
(홈페이지)
15886781
(대표번호)",2024-11-01,"기획팀, 031-633-6781","조건에 따른 우대금리[최저0.5%~최고1.0%] -착한운전마일리지 신청자, 저공해차량 운전자, 전기차운전자, 수소차운전자, 장애인차량운전자",제한없음,영업점,"1개월내 : 약정금리와 해당 계약기간의 현행금리 중 낮은 금리
1개월 초과: 보통예금 금리",없음,http://www.serambank.co.kr/,126,저축은행
세람저축은행,행복나눔정기적금,정액적립식,4.0,3.38,5.0,제한없음,단리,"세람저축은행
(홈페이지)
15886781
(대표번호)",2024-11-01,"기획팀, 031-633-6781","조건에 따른 우대금리[최저0.5%~최고1.0%] -자원봉사자, 헌혈자",제한없음,영업점,"1개월내 : 약정금리와 해당 계약기간의 현행금리 중 낮은 금리
1개월 초과: 보통예금 금리",없음,http://www.serambank.co.kr/,127,저축은행
신정 신용협동조합,e-파란적금(비대면),정액적립식,4.0,3.38,5.0,제한없음,단리,"신용협동조합
(홈페이지)
15666000
(대표번호)",2024-10-21,신정신용협동조합 02-2603-5643,"거래조건에 따라 최고 0.0%p 우대금리 제공
①자동이체 납입실적 : 0.0%p
②장기가입조합원 : 최대 0.0%p
③비대면 기한부예금 가입실적 : 0.0%p
④신협체크카드 결제실적 : 0.0%p
⑤급여이체 실적 : 0.0%p",제한없음,스마트폰,"만기후 1개월 미만 : 만기일 당시 신규 기본이율의 1/2
만기후 1개월 이상 ~ 3개월 미만 : 만기일 당시 신규 기본이율의 1/3
만기후 3개월 이상 ~ 6개월 미만 : 만기일 당시 신규 기본이율의 1/6
만기후 6개월 이상 : 만기일 당시 보통예탁금 이율
기재된 구간별 만기후 이자율은 최저이율이며 그 이상으로 지급 될 수 있습니다.","가입금액 : 월 1만원 이상
납입한도 : 월 100만원 이내
가입기간 : 1년 이상 5년 이내(연단위)",http://www.cu.co.kr/product/ad/fnncGoods/selectFnncGoodsDpstInfo51.do?fnncGoodsSn=66,128,신용협동조합
애큐온저축은행,다모아자유적금2,자유적립식,2.5,2.12,5.0,제한없음,단리,"애큐온저축은행
(홈페이지)
15886161
(대표번호)",2023-12-27,경영관리팀 0234852662,"가입일 ~ 만기일까지 마케팅 동의 유지 : 1.0%
만기시까지 당행 오픈뱅킹 잔액모으기를 통한 해당 적금불입횟수 10회이상 : 1.5%",제한없음,스마트폰,"만기후 1개월 이내 해지 시 : 약정금리(2019.07.01 신규부터 적용)
만기후 1개월 초과 이후 해지 시 : 보통예금이율(2019.07.01 신규부터 적용)","가입금액 1천원~20만원
1인1계좌
오픈뱅킹전용가입상품",http://www.acuonsb.co.kr/?P_name=dpt0020220,129,저축은행
주성 신용협동조합,e-파란적금(비대면),정액적립식,4.0,3.38,5.0,제한없음,단리,"신용협동조합
(홈페이지)
15666000
(대표번호)",2024-10-21,주성신용협동조합 043-267-0721,"거래조건에 따라 최고 0.0%p 우대금리 제공
①자동이체 납입실적 : 0.0%p
②장기가입조합원 : 최대 0.0%p
③비대면 기한부예금 가입실적 : 0.0%p
④신협체크카드 결제실적 : 0.0%p
⑤급여이체 실적 : 0.0%p",제한없음,스마트폰,"만기후 1개월 미만 : 만기일 당시 신규 기본이율의 1/2
만기후 1개월 이상 ~ 3개월 미만 : 만기일 당시 신규 기본이율의 1/3
만기후 3개월 이상 ~ 6개월 미만 : 만기일 당시 신규 기본이율의 1/6
만기후 6개월 이상 : 만기일 당시 보통예탁금 이율
기재된 구간별 만기후 이자율은 최저이율이며 그 이상으로 지급 될 수 있습니다.","가입금액 : 월 1만원 이상
납입한도 : 월 100만원 이내
가입기간 : 1년 이상 5년 이내(연단위)",http://www.cu.co.kr/product/ad/fnncGoods/selectFnncGoodsDpstInfo51.do?fnncGoodsSn=66,130,신용협동조합
청주 신용협동조합,e-파란적금(비대면),정액적립식,3.9,3.3,5.0,제한없음,단리,"신용협동조합
(홈페이지)
15666000
(대표번호)",2024-10-21,청주신용협동조합 043-252-2131,"거래조건에 따라 최고 0.0%p 우대금리 제공
①자동이체 납입실적 : 0.0%p
②장기가입조합원 : 최대 0.0%p
③비대면 기한부예금 가입실적 : 0.0%p
④신협체크카드 결제실적 : 0.0%p
⑤급여이체 실적 : 0.0%p",제한없음,스마트폰,"만기후 1개월 미만 : 만기일 당시 신규 기본이율의 1/2
만기후 1개월 이상 ~ 3개월 미만 : 만기일 당시 신규 기본이율의 1/3
만기후 3개월 이상 ~ 6개월 미만 : 만기일 당시 신규 기본이율의 1/6
만기후 6개월 이상 : 만기일 당시 보통예탁금 이율
기재된 구간별 만기후 이자율은 최저이율이며 그 이상으로 지급 될 수 있습니다.","가입금액 : 월 1만원 이상
납입한도 : 월 100만원 이내
가입기간 : 1년 이상 5년 이내(연단위)",http://www.cu.co.kr/product/ad/fnncGoods/selectFnncGoodsDpstInfo51.do?fnncGoodsSn=66,131,신용협동조합
청주드림 신용협동조합,e-파란적금(비대면),정액적립식,4.0,3.38,5.0,제한없음,단리,"신용협동조합
(홈페이지)
15666000
(대표번호)",2024-10-21,청주드림신용협동조합 043-231-2501,"거래조건에 따라 최고 0.0%p 우대금리 제공
①자동이체 납입실적 : 0.0%p
②장기가입조합원 : 최대 0.0%p
③비대면 기한부예금 가입실적 : 0.0%p
④신협체크카드 결제실적 : 0.0%p
⑤급여이체 실적 : 0.0%p",제한없음,스마트폰,"만기후 1개월 미만 : 만기일 당시 신규 기본이율의 1/2
만기후 1개월 이상 ~ 3개월 미만 : 만기일 당시 신규 기본이율의 1/3
만기후 3개월 이상 ~ 6개월 미만 : 만기일 당시 신규 기본이율의 1/6
만기후 6개월 이상 : 만기일 당시 보통예탁금 이율
기재된 구간별 만기후 이자율은 최저이율이며 그 이상으로 지급 될 수 있습니다.","가입금액 : 월 1만원 이상
납입한도 : 월 100만원 이내
가입기간 : 1년 이상 5년 이내(연단위)",http://www.cu.co.kr/product/ad/fnncGoods/selectFnncGoodsDpstInfo51.do?fnncGoodsSn=66,132,신용협동조합
KB저축은행,KB착한누리적금,정액적립식,4.5,3.81,5.0,제한없음,복리,"KB저축은행
(홈페이지)
18990900
(대표번호)",2024-04-02,kiwi제도지원부 0221468416,인터넷뱅킹/모바일뱅킹으로 가입시 우대이율 연0.5% 적용,제한없음,"영업점,인터넷,스마트폰","- 1개월이내 : 신규가입일 당시 약정이율과 만기일 현재 고시이율 중 낮은 이율
- 1개월초과 : 보통예금이율","-12개월 가입가능
- 가입금액:1만원이상~30만원이하
- 증빙서류제출후가입",https://www.kbsavings.com/websquare/websquare.jsp?w2xPath=/jsp/depositItemInfo/depositItemInfo.xml&ITEM_CODE=IB17,133,저축은행
관악 신용협동조합,e-파란적금(비대면),정액적립식,4.4,3.72,5.0,제한없음,단리,"신용협동조합
(홈페이지)
15666000
(대표번호)",2024-10-21,관악신용협동조합 02-886-7173,"거래조건에 따라 최고 0.0%p 우대금리 제공
①자동이체 납입실적 : 0.0%p
②장기가입조합원 : 최대 0.0%p
③비대면 기한부예금 가입실적 : 0.0%p
④신협체크카드 결제실적 : 0.0%p
⑤급여이체 실적 : 0.0%p",제한없음,스마트폰,"만기후 1개월 미만 : 만기일 당시 신규 기본이율의 1/2
만기후 1개월 이상 ~ 3개월 미만 : 만기일 당시 신규 기본이율의 1/3
만기후 3개월 이상 ~ 6개월 미만 : 만기일 당시 신규 기본이율의 1/6
만기후 6개월 이상 : 만기일 당시 보통예탁금 이율
기재된 구간별 만기후 이자율은 최저이율이며 그 이상으로 지급 될 수 있습니다.","가입금액 : 월 1만원 이상
납입한도 : 월 100만원 이내
가입기간 : 1년 이상 5년 이내(연단위)",http://www.cu.co.kr/product/ad/fnncGoods/selectFnncGoodsDpstInfo51.do?fnncGoodsSn=66,134,신용협동조합
한국투자저축은행,오!직창구정기적금,정액적립식,5.0,4.23,5.0,제한없음,단리,"한국투자저축은행
(홈페이지)
15776333
(대표번호)",2024-11-13,"예금/대출 문의 1577-6333, 공시부서(영업추진팀)031-788-0306","-만기 해지 후 (회전)정기예금 전환 가입 시 우대금리 적용(※전환 가입시, 최초1회)
-만기해지 총금액 50%이상&가입기간 6개월 이상 전환가입: 가입시점(회전)정기예금 기본이율+0.2%
-만기해지 총금액 50%미만&가입기간 6개월 이상 전환가입: 가입시점(회전)정기예금 기본이율+0.1%",제한없음,영업점,"- 1개월 이하 : 당초 약정이율과 만기시점 해당상품 신규약정이율 중 낮은 이율
- 1개월 초과 : 연 0.2%",- 없음,https://sb.koreainvestment.com/?PRD-PDS001-25#,135,저축은행
미호 신용협동조합,e-파란적금(비대면),정액적립식,4.2,3.55,4.8,제한없음,단리,"신용협동조합
(홈페이지)
15666000
(대표번호)",2024-10-21,미호신용협동조합 043-232-2652,"거래조건에 따라 최고 0.0%p 우대금리 제공
①자동이체 납입실적 : 0.0%p
②장기가입조합원 : 최대 0.0%p
③비대면 기한부예금 가입실적 : 0.0%p
④신협체크카드 결제실적 : 0.0%p
⑤급여이체 실적 : 0.0%p",제한없음,스마트폰,"만기후 1개월 미만 : 만기일 당시 신규 기본이율의 1/2
만기후 1개월 이상 ~ 3개월 미만 : 만기일 당시 신규 기본이율의 1/3
만기후 3개월 이상 ~ 6개월 미만 : 만기일 당시 신규 기본이율의 1/6
만기후 6개월 이상 : 만기일 당시 보통예탁금 이율
기재된 구간별 만기후 이자율은 최저이율이며 그 이상으로 지급 될 수 있습니다.","가입금액 : 월 1만원 이상
납입한도 : 월 100만원 이내
가입기간 : 1년 이상 5년 이내(연단위)",http://www.cu.co.kr/product/ad/fnncGoods/selectFnncGoodsDpstInfo51.do?fnncGoodsSn=66,136,신용협동조합
의정부 신용협동조합,매일적금(대면),정액적립식,4.8,4.06,4.8,제한없음,단리,"신용협동조합
(홈페이지)
15666000
(대표번호)",2024-10-21,의정부신용협동조합 031-846-6633,없음,제한없음,영업점,"만기후 1개월 미만 : 만기일 당시 신규 기본이율의 1/2
만기후 1개월 이상 ~ 3개월 미만 : 만기일 당시 신규 기본이율의 1/3
만기후 3개월 이상 ~ 6개월 미만 : 만기일 당시 신규 기본이율의 1/6
만기후 6개월 이상 : 만기일 당시 보통예탁금 이율
기재된 구간별 만기후 이자율은 최저이율이며 그 이상으로 지급 될 수 있습니다.","가입기간 : 1개월 이상 3년 이하(월, 일단위)",http://www.cu.co.kr/product/ad/fnncGoods/selectFnncGoodsDpstInfo51.do?fnncGoodsSn=68,137,신용협동조합
봉상 신용협동조합,e-파란적금(비대면),정액적립식,4.1,3.47,4.7,제한없음,단리,"신용협동조합
(홈페이지)
15666000
(대표번호)",2024-10-21,봉상신용협동조합 063-261-3941,"거래조건에 따라 최고 0.0%p 우대금리 제공
①자동이체 납입실적 : 0.0%p
②장기가입조합원 : 최대 0.0%p
③비대면 기한부예금 가입실적 : 0.0%p
④신협체크카드 결제실적 : 0.0%p
⑤급여이체 실적 : 0.0%p",제한없음,스마트폰,"만기후 1개월 미만 : 만기일 당시 신규 기본이율의 1/2
만기후 1개월 이상 ~ 3개월 미만 : 만기일 당시 신규 기본이율의 1/3
만기후 3개월 이상 ~ 6개월 미만 : 만기일 당시 신규 기본이율의 1/6
만기후 6개월 이상 : 만기일 당시 보통예탁금 이율
기재된 구간별 만기후 이자율은 최저이율이며 그 이상으로 지급 될 수 있습니다.","가입금액 : 월 1만원 이상
납입한도 : 월 100만원 이내
가입기간 : 1년 이상 5년 이내(연단위)",http://www.cu.co.kr/product/ad/fnncGoods/selectFnncGoodsDpstInfo51.do?fnncGoodsSn=66,138,신용협동조합
우리 신용협동조합,e-파란적금(비대면),정액적립식,4.1,3.47,4.7,제한없음,단리,"신용협동조합
(홈페이지)
15666000
(대표번호)",2024-10-21,우리신용협동조합 063-858-4002,"거래조건에 따라 최고 0.0%p 우대금리 제공
①자동이체 납입실적 : 0.0%p
②장기가입조합원 : 최대 0.0%p
③비대면 기한부예금 가입실적 : 0.0%p
④신협체크카드 결제실적 : 0.0%p
⑤급여이체 실적 : 0.0%p",제한없음,스마트폰,"만기후 1개월 미만 : 만기일 당시 신규 기본이율의 1/2
만기후 1개월 이상 ~ 3개월 미만 : 만기일 당시 신규 기본이율의 1/3
만기후 3개월 이상 ~ 6개월 미만 : 만기일 당시 신규 기본이율의 1/6
만기후 6개월 이상 : 만기일 당시 보통예탁금 이율
기재된 구간별 만기후 이자율은 최저이율이며 그 이상으로 지급 될 수 있습니다.","가입금액 : 월 1만원 이상
납입한도 : 월 100만원 이내
가입기간 : 1년 이상 5년 이내(연단위)",http://www.cu.co.kr/product/ad/fnncGoods/selectFnncGoodsDpstInfo51.do?fnncGoodsSn=66,139,신용협동조합
은곡 신용협동조합,e-파란적금(비대면),정액적립식,4.1,3.47,4.7,제한없음,단리,"신용협동조합
(홈페이지)
15666000
(대표번호)",2024-10-21,은곡신용협동조합 031-977-5104,"거래조건에 따라 최고 0.0%p 우대금리 제공
①자동이체 납입실적 : 0.0%p
②장기가입조합원 : 최대 0.0%p
③비대면 기한부예금 가입실적 : 0.0%p
④신협체크카드 결제실적 : 0.0%p
⑤급여이체 실적 : 0.0%p",제한없음,스마트폰,"만기후 1개월 미만 : 만기일 당시 신규 기본이율의 1/2
만기후 1개월 이상 ~ 3개월 미만 : 만기일 당시 신규 기본이율의 1/3
만기후 3개월 이상 ~ 6개월 미만 : 만기일 당시 신규 기본이율의 1/6
만기후 6개월 이상 : 만기일 당시 보통예탁금 이율
기재된 구간별 만기후 이자율은 최저이율이며 그 이상으로 지급 될 수 있습니다.","가입금액 : 월 1만원 이상
납입한도 : 월 100만원 이내
가입기간 : 1년 이상 5년 이내(연단위)",http://www.cu.co.kr/product/ad/fnncGoods/selectFnncGoodsDpstInfo51.do?fnncGoodsSn=66,140,신용협동조합
춘천 신용협동조합,e-파란적금(비대면),정액적립식,4.1,3.47,4.7,제한없음,단리,"신용협동조합
(홈페이지)
15666000
(대표번호)",2024-10-21,춘천신용협동조합 033-251-8500,"거래조건에 따라 최고 0.0%p 우대금리 제공
①자동이체 납입실적 : 0.0%p
②장기가입조합원 : 최대 0.0%p
③비대면 기한부예금 가입실적 : 0.0%p
④신협체크카드 결제실적 : 0.0%p
⑤급여이체 실적 : 0.0%p",제한없음,스마트폰,"만기후 1개월 미만 : 만기일 당시 신규 기본이율의 1/2
만기후 1개월 이상 ~ 3개월 미만 : 만기일 당시 신규 기본이율의 1/3
만기후 3개월 이상 ~ 6개월 미만 : 만기일 당시 신규 기본이율의 1/6
만기후 6개월 이상 : 만기일 당시 보통예탁금 이율
기재된 구간별 만기후 이자율은 최저이율이며 그 이상으로 지급 될 수 있습니다.","가입금액 : 월 1만원 이상
납입한도 : 월 100만원 이내
가입기간 : 1년 이상 5년 이내(연단위)",http://www.cu.co.kr/product/ad/fnncGoods/selectFnncGoodsDpstInfo51.do?fnncGoodsSn=66,141,신용협동조합
평택성동 신용협동조합,e-파란적금(비대면),정액적립식,4.1,3.47,4.7,제한없음,단리,"신용협동조합
(홈페이지)
15666000
(대표번호)",2024-10-21,평택성동신용협동조합 031-657-3456,"거래조건에 따라 최고 0.0%p 우대금리 제공
①자동이체 납입실적 : 0.0%p
②장기가입조합원 : 최대 0.0%p
③비대면 기한부예금 가입실적 : 0.0%p
④신협체크카드 결제실적 : 0.0%p
⑤급여이체 실적 : 0.0%p",제한없음,스마트폰,"만기후 1개월 미만 : 만기일 당시 신규 기본이율의 1/2
만기후 1개월 이상 ~ 3개월 미만 : 만기일 당시 신규 기본이율의 1/3
만기후 3개월 이상 ~ 6개월 미만 : 만기일 당시 신규 기본이율의 1/6
만기후 6개월 이상 : 만기일 당시 보통예탁금 이율
기재된 구간별 만기후 이자율은 최저이율이며 그 이상으로 지급 될 수 있습니다.","가입금액 : 월 1만원 이상
납입한도 : 월 100만원 이내
가입기간 : 1년 이상 5년 이내(연단위)",http://www.cu.co.kr/product/ad/fnncGoods/selectFnncGoodsDpstInfo51.do?fnncGoodsSn=66,142,신용협동조합
구봉 신용협동조합,e-파란적금(비대면),정액적립식,4.1,3.47,4.6,제한없음,단리,"신용협동조합
(홈페이지)
15666000
(대표번호)",2024-10-21,구봉신용협동조합 042-541-9944,"거래조건에 따라 최고 0.0%p 우대금리 제공
①자동이체 납입실적 : 0.0%p
②장기가입조합원 : 최대 0.0%p
③비대면 기한부예금 가입실적 : 0.0%p
④신협체크카드 결제실적 : 0.0%p
⑤급여이체 실적 : 0.0%p",제한없음,스마트폰,"만기후 1개월 미만 : 만기일 당시 신규 기본이율의 1/2
만기후 1개월 이상 ~ 3개월 미만 : 만기일 당시 신규 기본이율의 1/3
만기후 3개월 이상 ~ 6개월 미만 : 만기일 당시 신규 기본이율의 1/6
만기후 6개월 이상 : 만기일 당시 보통예탁금 이율
기재된 구간별 만기후 이자율은 최저이율이며 그 이상으로 지급 될 수 있습니다.","가입금액 : 월 1만원 이상
납입한도 : 월 100만원 이내
가입기간 : 1년 이상 5년 이내(연단위)",http://www.cu.co.kr/product/ad/fnncGoods/selectFnncGoodsDpstInfo51.do?fnncGoodsSn=66,143,신용협동조합
대천 신용협동조합,e-파란적금(비대면),정액적립식,4.0,3.38,4.6,제한없음,단리,"신용협동조합
(홈페이지)
15666000
(대표번호)",2024-10-21,대천신용협동조합 041-930-7000,"거래조건에 따라 최고 0.0%p 우대금리 제공
①자동이체 납입실적 : 0.0%p
②장기가입조합원 : 최대 0.0%p
③비대면 기한부예금 가입실적 : 0.0%p
④신협체크카드 결제실적 : 0.0%p
⑤급여이체 실적 : 0.0%p",제한없음,스마트폰,"만기후 1개월 미만 : 만기일 당시 신규 기본이율의 1/2
만기후 1개월 이상 ~ 3개월 미만 : 만기일 당시 신규 기본이율의 1/3
만기후 3개월 이상 ~ 6개월 미만 : 만기일 당시 신규 기본이율의 1/6
만기후 6개월 이상 : 만기일 당시 보통예탁금 이율
기재된 구간별 만기후 이자율은 최저이율이며 그 이상으로 지급 될 수 있습니다.","가입금액 : 월 1만원 이상
납입한도 : 월 100만원 이내
가입기간 : 1년 이상 5년 이내(연단위)",http://www.cu.co.kr/product/ad/fnncGoods/selectFnncGoodsDpstInfo51.do?fnncGoodsSn=66,144,신용협동조합
대청 신용협동조합,e-파란적금(비대면),정액적립식,4.0,3.38,4.6,제한없음,단리,"신용협동조합
(홈페이지)
15666000
(대표번호)",2024-10-21,대청신용협동조합 042-256-1545,"거래조건에 따라 최고 0.0%p 우대금리 제공
①자동이체 납입실적 : 0.0%p
②장기가입조합원 : 최대 0.0%p
③비대면 기한부예금 가입실적 : 0.0%p
④신협체크카드 결제실적 : 0.0%p
⑤급여이체 실적 : 0.0%p",제한없음,스마트폰,"만기후 1개월 미만 : 만기일 당시 신규 기본이율의 1/2
만기후 1개월 이상 ~ 3개월 미만 : 만기일 당시 신규 기본이율의 1/3
만기후 3개월 이상 ~ 6개월 미만 : 만기일 당시 신규 기본이율의 1/6
만기후 6개월 이상 : 만기일 당시 보통예탁금 이율
기재된 구간별 만기후 이자율은 최저이율이며 그 이상으로 지급 될 수 있습니다.","가입금액 : 월 1만원 이상
납입한도 : 월 100만원 이내
가입기간 : 1년 이상 5년 이내(연단위)",http://www.cu.co.kr/product/ad/fnncGoods/selectFnncGoodsDpstInfo51.do?fnncGoodsSn=66,145,신용협동조합
동수원 신용협동조합,하나더적금(대면),정액적립식,4.6,3.89,4.6,제한없음,단리,"신용협동조합
(홈페이지)
15666000
(대표번호)",2024-10-21,동수원신용협동조합 031-212-5900,없음,제한없음,영업점,"만기후 1개월 미만 : 만기일 당시 신규 기본이율의 1/2
만기후 1개월 이상 ~ 3개월 미만 : 만기일 당시 신규 기본이율의 1/3
만기후 3개월 이상 ~ 6개월 미만 : 만기일 당시 신규 기본이율의 1/6
만기후 6개월 이상 : 만기일 당시 보통예탁금 이율
기재된 구간별 만기후 이자율은 최저이율이며 그 이상으로 지급 될 수 있습니다.","가입금액 : 월 1천원 이상
가입기간 : 6개월 이상 5년 이하(월단위)",http://www.cu.co.kr/product/ad/fnncGoods/selectFnncGoodsDpstInfo51.do?fnncGoodsSn=98,146,신용협동조합
매괴 신용협동조합,e-파란적금(비대면),정액적립식,4.0,3.38,4.6,제한없음,단리,"신용협동조합
(홈페이지)
15666000
(대표번호)",2024-10-21,매괴신용협동조합 043-881-2680,"거래조건에 따라 최고 0.0%p 우대금리 제공
①자동이체 납입실적 : 0.0%p
②장기가입조합원 : 최대 0.0%p
③비대면 기한부예금 가입실적 : 0.0%p
④신협체크카드 결제실적 : 0.0%p
⑤급여이체 실적 : 0.0%p",제한없음,스마트폰,"만기후 1개월 미만 : 만기일 당시 신규 기본이율의 1/2
만기후 1개월 이상 ~ 3개월 미만 : 만기일 당시 신규 기본이율의 1/3
만기후 3개월 이상 ~ 6개월 미만 : 만기일 당시 신규 기본이율의 1/6
만기후 6개월 이상 : 만기일 당시 보통예탁금 이율
기재된 구간별 만기후 이자율은 최저이율이며 그 이상으로 지급 될 수 있습니다.","가입금액 : 월 1만원 이상
납입한도 : 월 100만원 이내
가입기간 : 1년 이상 5년 이내(연단위)",http://www.cu.co.kr/product/ad/fnncGoods/selectFnncGoodsDpstInfo51.do?fnncGoodsSn=66,147,신용협동조합
북원 신용협동조합,e-파란적금(비대면),정액적립식,4.0,3.38,4.6,제한없음,단리,"신용협동조합
(홈페이지)
15666000
(대표번호)",2024-10-21,북원신용협동조합 033-743-6195,"거래조건에 따라 최고 0.0%p 우대금리 제공
①자동이체 납입실적 : 0.0%p
②장기가입조합원 : 최대 0.0%p
③비대면 기한부예금 가입실적 : 0.0%p
④신협체크카드 결제실적 : 0.0%p
⑤급여이체 실적 : 0.0%p",제한없음,스마트폰,"만기후 1개월 미만 : 만기일 당시 신규 기본이율의 1/2
만기후 1개월 이상 ~ 3개월 미만 : 만기일 당시 신규 기본이율의 1/3
만기후 3개월 이상 ~ 6개월 미만 : 만기일 당시 신규 기본이율의 1/6
만기후 6개월 이상 : 만기일 당시 보통예탁금 이율
기재된 구간별 만기후 이자율은 최저이율이며 그 이상으로 지급 될 수 있습니다.","가입금액 : 월 1만원 이상
납입한도 : 월 100만원 이내
가입기간 : 1년 이상 5년 이내(연단위)",http://www.cu.co.kr/product/ad/fnncGoods/selectFnncGoodsDpstInfo51.do?fnncGoodsSn=66,148,신용협동조합
송천 신용협동조합,e-파란적금(비대면),정액적립식,4.1,3.47,4.6,제한없음,단리,"신용협동조합
(홈페이지)
15666000
(대표번호)",2024-10-21,송천신용협동조합 063-274-0707,"거래조건에 따라 최고 0.0%p 우대금리 제공
①자동이체 납입실적 : 0.0%p
②장기가입조합원 : 최대 0.0%p
③비대면 기한부예금 가입실적 : 0.0%p
④신협체크카드 결제실적 : 0.0%p
⑤급여이체 실적 : 0.0%p",제한없음,스마트폰,"만기후 1개월 미만 : 만기일 당시 신규 기본이율의 1/2
만기후 1개월 이상 ~ 3개월 미만 : 만기일 당시 신규 기본이율의 1/3
만기후 3개월 이상 ~ 6개월 미만 : 만기일 당시 신규 기본이율의 1/6
만기후 6개월 이상 : 만기일 당시 보통예탁금 이율
기재된 구간별 만기후 이자율은 최저이율이며 그 이상으로 지급 될 수 있습니다.","가입금액 : 월 1만원 이상
납입한도 : 월 100만원 이내
가입기간 : 1년 이상 5년 이내(연단위)",http://www.cu.co.kr/product/ad/fnncGoods/selectFnncGoodsDpstInfo51.do?fnncGoodsSn=66,149,신용협동조합
신림 신용협동조합,e-파란적금(비대면),정액적립식,4.0,3.38,4.6,제한없음,단리,"신용협동조합
(홈페이지)
15666000
(대표번호)",2024-10-21,신림신용협동조합 02-885-4625,"거래조건에 따라 최고 0.0%p 우대금리 제공
①자동이체 납입실적 : 0.0%p
②장기가입조합원 : 최대 0.0%p
③비대면 기한부예금 가입실적 : 0.0%p
④신협체크카드 결제실적 : 0.0%p
⑤급여이체 실적 : 0.0%p",제한없음,스마트폰,"만기후 1개월 미만 : 만기일 당시 신규 기본이율의 1/2
만기후 1개월 이상 ~ 3개월 미만 : 만기일 당시 신규 기본이율의 1/3
만기후 3개월 이상 ~ 6개월 미만 : 만기일 당시 신규 기본이율의 1/6
만기후 6개월 이상 : 만기일 당시 보통예탁금 이율
기재된 구간별 만기후 이자율은 최저이율이며 그 이상으로 지급 될 수 있습니다.","가입금액 : 월 1만원 이상
납입한도 : 월 100만원 이내
가입기간 : 1년 이상 5년 이내(연단위)",http://www.cu.co.kr/product/ad/fnncGoods/selectFnncGoodsDpstInfo51.do?fnncGoodsSn=66,150,신용협동조합
양촌 신용협동조합,e-파란적금(비대면),정액적립식,4.1,3.47,4.6,제한없음,단리,"신용협동조합
(홈페이지)
15666000
(대표번호)",2024-10-21,양촌신용협동조합 031-981-3255,"거래조건에 따라 최고 0.0%p 우대금리 제공
①자동이체 납입실적 : 0.0%p
②장기가입조합원 : 최대 0.0%p
③비대면 기한부예금 가입실적 : 0.0%p
④신협체크카드 결제실적 : 0.0%p
⑤급여이체 실적 : 0.0%p",제한없음,스마트폰,"만기후 1개월 미만 : 만기일 당시 신규 기본이율의 1/2
만기후 1개월 이상 ~ 3개월 미만 : 만기일 당시 신규 기본이율의 1/3
만기후 3개월 이상 ~ 6개월 미만 : 만기일 당시 신규 기본이율의 1/6
만기후 6개월 이상 : 만기일 당시 보통예탁금 이율
기재된 구간별 만기후 이자율은 최저이율이며 그 이상으로 지급 될 수 있습니다.","가입금액 : 월 1만원 이상
납입한도 : 월 100만원 이내
가입기간 : 1년 이상 5년 이내(연단위)",http://www.cu.co.kr/product/ad/fnncGoods/selectFnncGoodsDpstInfo51.do?fnncGoodsSn=66,151,신용협동조합
영광함평 신용협동조합,e-파란적금(비대면),정액적립식,4.0,3.38,4.6,제한없음,단리,"신용협동조합
(홈페이지)
15666000
(대표번호)",2024-10-21,영광함평신용협동조합 061-351-0008,"거래조건에 따라 최고 0.0%p 우대금리 제공
①자동이체 납입실적 : 0.0%p
②장기가입조합원 : 최대 0.0%p
③비대면 기한부예금 가입실적 : 0.0%p
④신협체크카드 결제실적 : 0.0%p
⑤급여이체 실적 : 0.0%p",제한없음,스마트폰,"만기후 1개월 미만 : 만기일 당시 신규 기본이율의 1/2
만기후 1개월 이상 ~ 3개월 미만 : 만기일 당시 신규 기본이율의 1/3
만기후 3개월 이상 ~ 6개월 미만 : 만기일 당시 신규 기본이율의 1/6
만기후 6개월 이상 : 만기일 당시 보통예탁금 이율
기재된 구간별 만기후 이자율은 최저이율이며 그 이상으로 지급 될 수 있습니다.","가입금액 : 월 1만원 이상
납입한도 : 월 100만원 이내
가입기간 : 1년 이상 5년 이내(연단위)",http://www.cu.co.kr/product/ad/fnncGoods/selectFnncGoodsDpstInfo51.do?fnncGoodsSn=66,152,신용협동조합
영남대학교의료원 신용협동조합,하나더적금(대면),정액적립식,4.6,3.89,4.6,제한없음,단리,"신용협동조합
(홈페이지)
15666000
(대표번호)",2024-10-21,영남대학교의료원신용협동조합 053-620-4641,없음,제한없음,영업점,"만기후 1개월 미만 : 만기일 당시 신규 기본이율의 1/2
만기후 1개월 이상 ~ 3개월 미만 : 만기일 당시 신규 기본이율의 1/3
만기후 3개월 이상 ~ 6개월 미만 : 만기일 당시 신규 기본이율의 1/6
만기후 6개월 이상 : 만기일 당시 보통예탁금 이율
기재된 구간별 만기후 이자율은 최저이율이며 그 이상으로 지급 될 수 있습니다.","가입금액 : 월 1천원 이상
가입기간 : 6개월 이상 5년 이하(월단위)",http://www.cu.co.kr/product/ad/fnncGoods/selectFnncGoodsDpstInfo51.do?fnncGoodsSn=98,153,신용협동조합
옥산 신용협동조합,e-파란적금(비대면),정액적립식,4.0,3.38,4.6,제한없음,단리,"신용협동조합
(홈페이지)
15666000
(대표번호)",2024-10-21,옥산신용협동조합 043-260-0511,"거래조건에 따라 최고 0.0%p 우대금리 제공
①자동이체 납입실적 : 0.0%p
②장기가입조합원 : 최대 0.0%p
③비대면 기한부예금 가입실적 : 0.0%p
④신협체크카드 결제실적 : 0.0%p
⑤급여이체 실적 : 0.0%p",제한없음,스마트폰,"만기후 1개월 미만 : 만기일 당시 신규 기본이율의 1/2
만기후 1개월 이상 ~ 3개월 미만 : 만기일 당시 신규 기본이율의 1/3
만기후 3개월 이상 ~ 6개월 미만 : 만기일 당시 신규 기본이율의 1/6
만기후 6개월 이상 : 만기일 당시 보통예탁금 이율
기재된 구간별 만기후 이자율은 최저이율이며 그 이상으로 지급 될 수 있습니다.","가입금액 : 월 1만원 이상
납입한도 : 월 100만원 이내
가입기간 : 1년 이상 5년 이내(연단위)",http://www.cu.co.kr/product/ad/fnncGoods/selectFnncGoodsDpstInfo51.do?fnncGoodsSn=66,154,신용협동조합
이리 신용협동조합,e-파란적금(비대면),정액적립식,4.0,3.38,4.6,제한없음,단리,"신용협동조합
(홈페이지)
15666000
(대표번호)",2024-10-21,이리신용협동조합 063-842-0150,"거래조건에 따라 최고 0.0%p 우대금리 제공
①자동이체 납입실적 : 0.0%p
②장기가입조합원 : 최대 0.0%p
③비대면 기한부예금 가입실적 : 0.0%p
④신협체크카드 결제실적 : 0.0%p
⑤급여이체 실적 : 0.0%p",제한없음,스마트폰,"만기후 1개월 미만 : 만기일 당시 신규 기본이율의 1/2
만기후 1개월 이상 ~ 3개월 미만 : 만기일 당시 신규 기본이율의 1/3
만기후 3개월 이상 ~ 6개월 미만 : 만기일 당시 신규 기본이율의 1/6
만기후 6개월 이상 : 만기일 당시 보통예탁금 이율
기재된 구간별 만기후 이자율은 최저이율이며 그 이상으로 지급 될 수 있습니다.","가입금액 : 월 1만원 이상
납입한도 : 월 100만원 이내
가입기간 : 1년 이상 5년 이내(연단위)",http://www.cu.co.kr/product/ad/fnncGoods/selectFnncGoodsDpstInfo51.do?fnncGoodsSn=66,155,신용협동조합
자갈치 신용협동조합,e-파란적금(비대면),정액적립식,4.0,3.38,4.6,제한없음,단리,"신용협동조합
(홈페이지)
15666000
(대표번호)",2024-10-21,자갈치신용협동조합 051-254-3688,"거래조건에 따라 최고 0.0%p 우대금리 제공
①자동이체 납입실적 : 0.0%p
②장기가입조합원 : 최대 0.0%p
③비대면 기한부예금 가입실적 : 0.0%p
④신협체크카드 결제실적 : 0.0%p
⑤급여이체 실적 : 0.0%p",제한없음,스마트폰,"만기후 1개월 미만 : 만기일 당시 신규 기본이율의 1/2
만기후 1개월 이상 ~ 3개월 미만 : 만기일 당시 신규 기본이율의 1/3
만기후 3개월 이상 ~ 6개월 미만 : 만기일 당시 신규 기본이율의 1/6
만기후 6개월 이상 : 만기일 당시 보통예탁금 이율
기재된 구간별 만기후 이자율은 최저이율이며 그 이상으로 지급 될 수 있습니다.","가입금액 : 월 1만원 이상
납입한도 : 월 100만원 이내
가입기간 : 1년 이상 5년 이내(연단위)",http://www.cu.co.kr/product/ad/fnncGoods/selectFnncGoodsDpstInfo51.do?fnncGoodsSn=66,156,신용협동조합
정읍애 신용협동조합,e-파란적금(비대면),정액적립식,4.0,3.38,4.6,제한없음,단리,"신용협동조합
(홈페이지)
15666000
(대표번호)",2024-10-21,정읍愛신용협동조합 063-571-2620,"거래조건에 따라 최고 0.0%p 우대금리 제공
①자동이체 납입실적 : 0.0%p
②장기가입조합원 : 최대 0.0%p
③비대면 기한부예금 가입실적 : 0.0%p
④신협체크카드 결제실적 : 0.0%p
⑤급여이체 실적 : 0.0%p",제한없음,스마트폰,"만기후 1개월 미만 : 만기일 당시 신규 기본이율의 1/2
만기후 1개월 이상 ~ 3개월 미만 : 만기일 당시 신규 기본이율의 1/3
만기후 3개월 이상 ~ 6개월 미만 : 만기일 당시 신규 기본이율의 1/6
만기후 6개월 이상 : 만기일 당시 보통예탁금 이율
기재된 구간별 만기후 이자율은 최저이율이며 그 이상으로 지급 될 수 있습니다.","가입금액 : 월 1만원 이상
납입한도 : 월 100만원 이내
가입기간 : 1년 이상 5년 이내(연단위)",http://www.cu.co.kr/product/ad/fnncGoods/selectFnncGoodsDpstInfo51.do?fnncGoodsSn=66,157,신용협동조합
한빛 신용협동조합,e-파란적금(비대면),정액적립식,4.1,3.47,4.6,제한없음,단리,"신용협동조합
(홈페이지)
15666000
(대표번호)",2024-10-21,한빛신용협동조합 042-627-4501,"거래조건에 따라 최고 0.0%p 우대금리 제공
①자동이체 납입실적 : 0.0%p
②장기가입조합원 : 최대 0.0%p
③비대면 기한부예금 가입실적 : 0.0%p
④신협체크카드 결제실적 : 0.0%p
⑤급여이체 실적 : 0.0%p",제한없음,스마트폰,"만기후 1개월 미만 : 만기일 당시 신규 기본이율의 1/2
만기후 1개월 이상 ~ 3개월 미만 : 만기일 당시 신규 기본이율의 1/3
만기후 3개월 이상 ~ 6개월 미만 : 만기일 당시 신규 기본이율의 1/6
만기후 6개월 이상 : 만기일 당시 보통예탁금 이율
기재된 구간별 만기후 이자율은 최저이율이며 그 이상으로 지급 될 수 있습니다.","가입금액 : 월 1만원 이상
납입한도 : 월 100만원 이내
가입기간 : 1년 이상 5년 이내(연단위)",http://www.cu.co.kr/product/ad/fnncGoods/selectFnncGoodsDpstInfo51.do?fnncGoodsSn=66,158,신용협동조합
성남대원 신용협동조합,e-파란적금(비대면),정액적립식,3.95,3.34,4.55,제한없음,단리,"신용협동조합
(홈페이지)
15666000
(대표번호)",2024-10-21,성남대원신용협동조합 031-731-2312,"거래조건에 따라 최고 0.0%p 우대금리 제공
①자동이체 납입실적 : 0.0%p
②장기가입조합원 : 최대 0.0%p
③비대면 기한부예금 가입실적 : 0.0%p
④신협체크카드 결제실적 : 0.0%p
⑤급여이체 실적 : 0.0%p",제한없음,스마트폰,"만기후 1개월 미만 : 만기일 당시 신규 기본이율의 1/2
만기후 1개월 이상 ~ 3개월 미만 : 만기일 당시 신규 기본이율의 1/3
만기후 3개월 이상 ~ 6개월 미만 : 만기일 당시 신규 기본이율의 1/6
만기후 6개월 이상 : 만기일 당시 보통예탁금 이율
기재된 구간별 만기후 이자율은 최저이율이며 그 이상으로 지급 될 수 있습니다.","가입금액 : 월 1만원 이상
납입한도 : 월 100만원 이내
가입기간 : 1년 이상 5년 이내(연단위)",http://www.cu.co.kr/product/ad/fnncGoods/selectFnncGoodsDpstInfo51.do?fnncGoodsSn=66,159,신용협동조합
남청주 신용협동조합,e-파란적금(비대면),정액적립식,4.2,3.55,4.5,제한없음,단리,"신용협동조합
(홈페이지)
15666000
(대표번호)",2024-10-21,남청주신용협동조합 043-294-3554,"거래조건에 따라 최고 0.0%p 우대금리 제공
①자동이체 납입실적 : 0.0%p
②장기가입조합원 : 최대 0.0%p
③비대면 기한부예금 가입실적 : 0.0%p
④신협체크카드 결제실적 : 0.0%p
⑤급여이체 실적 : 0.0%p",제한없음,스마트폰,"만기후 1개월 미만 : 만기일 당시 신규 기본이율의 1/2
만기후 1개월 이상 ~ 3개월 미만 : 만기일 당시 신규 기본이율의 1/3
만기후 3개월 이상 ~ 6개월 미만 : 만기일 당시 신규 기본이율의 1/6
만기후 6개월 이상 : 만기일 당시 보통예탁금 이율
기재된 구간별 만기후 이자율은 최저이율이며 그 이상으로 지급 될 수 있습니다.","가입금액 : 월 1만원 이상
납입한도 : 월 100만원 이내
가입기간 : 1년 이상 5년 이내(연단위)",http://www.cu.co.kr/product/ad/fnncGoods/selectFnncGoodsDpstInfo51.do?fnncGoodsSn=66,160,신용협동조합
대구경북치과의사 신용협동조합,평생행복적금(대면),자유적립식,4.5,3.81,4.5,제한없음,단리,"신용협동조합
(홈페이지)
15666000
(대표번호)",2024-10-21,대구경북치과의사신용협동조합 053-423-5078,없음,제한없음,영업점,"만기후 1개월 미만 : 만기일 당시 신규 기본이율의 1/2
만기후 1개월 이상 ~ 3개월 미만 : 만기일 당시 신규 기본이율의 1/3
만기후 3개월 이상 ~ 6개월 미만 : 만기일 당시 신규 기본이율의 1/6
만기후 6개월 이상 : 만기일 당시 보통예탁금 이율
기재된 구간별 만기후 이자율은 최저이율이며 그 이상으로 지급 될 수 있습니다.","가입금액 : 건당 1천원 이상
납입한도 : 분기별 최대 600만원 이내
가입기간 : 1년 이상 20년 이내",http://www.cu.co.kr/product/ad/fnncGoods/selectFnncGoodsDpstInfo51.do?fnncGoodsSn=97,161,신용협동조합
대전온누리 신용협동조합,e-파란적금(비대면),정액적립식,3.9,3.3,4.5,제한없음,단리,"신용협동조합
(홈페이지)
15666000
(대표번호)",2024-10-21,대전온누리신용협동조합 042-525-4100,"거래조건에 따라 최고 0.0%p 우대금리 제공
①자동이체 납입실적 : 0.0%p
②장기가입조합원 : 최대 0.0%p
③비대면 기한부예금 가입실적 : 0.0%p
④신협체크카드 결제실적 : 0.0%p
⑤급여이체 실적 : 0.0%p",제한없음,스마트폰,"만기후 1개월 미만 : 만기일 당시 신규 기본이율의 1/2
만기후 1개월 이상 ~ 3개월 미만 : 만기일 당시 신규 기본이율의 1/3
만기후 3개월 이상 ~ 6개월 미만 : 만기일 당시 신규 기본이율의 1/6
만기후 6개월 이상 : 만기일 당시 보통예탁금 이율
기재된 구간별 만기후 이자율은 최저이율이며 그 이상으로 지급 될 수 있습니다.","가입금액 : 월 1만원 이상
납입한도 : 월 100만원 이내
가입기간 : 1년 이상 5년 이내(연단위)",http://www.cu.co.kr/product/ad/fnncGoods/selectFnncGoodsDpstInfo51.do?fnncGoodsSn=66,162,신용협동조합
동광 신용협동조합,e-파란적금(비대면),정액적립식,3.9,3.3,4.5,제한없음,단리,"신용협동조합
(홈페이지)
15666000
(대표번호)",2024-10-21,동광신용협동조합 064-751-1551,"거래조건에 따라 최고 0.0%p 우대금리 제공
①자동이체 납입실적 : 0.0%p
②장기가입조합원 : 최대 0.0%p
③비대면 기한부예금 가입실적 : 0.0%p
④신협체크카드 결제실적 : 0.0%p
⑤급여이체 실적 : 0.0%p",제한없음,스마트폰,"만기후 1개월 미만 : 만기일 당시 신규 기본이율의 1/2
만기후 1개월 이상 ~ 3개월 미만 : 만기일 당시 신규 기본이율의 1/3
만기후 3개월 이상 ~ 6개월 미만 : 만기일 당시 신규 기본이율의 1/6
만기후 6개월 이상 : 만기일 당시 보통예탁금 이율
기재된 구간별 만기후 이자율은 최저이율이며 그 이상으로 지급 될 수 있습니다.","가입금액 : 월 1만원 이상
납입한도 : 월 100만원 이내
가입기간 : 1년 이상 5년 이내(연단위)",http://www.cu.co.kr/product/ad/fnncGoods/selectFnncGoodsDpstInfo51.do?fnncGoodsSn=66,163,신용협동조합
아산저축은행,꿈나무장학적금,정액적립식,5.0,4.23,5.0,제한없음,단리,"아산저축은행
(홈페이지)
0415379000
(대표번호)",2022-11-15,영업부 0415379000,없음,제한없음,영업점,"1개월 내 : 가입시점, 만기시점 비교 낮은 단리이율 적용, 이후 보통예금 금리 적용",없음,,164,저축은행
중앙 신용협동조합,e-파란적금(비대면),정액적립식,4.2,3.55,4.7,제한없음,단리,"신용협동조합
(홈페이지)
15666000
(대표번호)",2024-10-21,중앙신용협동조합 02-715-7565,"거래조건에 따라 최고 0.0%p 우대금리 제공
①자동이체 납입실적 : 0.0%p
②장기가입조합원 : 최대 0.0%p
③비대면 기한부예금 가입실적 : 0.0%p
④신협체크카드 결제실적 : 0.0%p
⑤급여이체 실적 : 0.0%p",제한없음,스마트폰,"만기후 1개월 미만 : 만기일 당시 신규 기본이율의 1/2
만기후 1개월 이상 ~ 3개월 미만 : 만기일 당시 신규 기본이율의 1/3
만기후 3개월 이상 ~ 6개월 미만 : 만기일 당시 신규 기본이율의 1/6
만기후 6개월 이상 : 만기일 당시 보통예탁금 이율
기재된 구간별 만기후 이자율은 최저이율이며 그 이상으로 지급 될 수 있습니다.","가입금액 : 월 1만원 이상
납입한도 : 월 100만원 이내
가입기간 : 1년 이상 5년 이내(연단위)",http://www.cu.co.kr/product/ad/fnncGoods/selectFnncGoodsDpstInfo51.do?fnncGoodsSn=66,165,신용협동조합
봄내 신용협동조합,e-파란적금(비대면),정액적립식,4.0,3.38,4.6,제한없음,단리,"신용협동조합
(홈페이지)
15666000
(대표번호)",2024-10-21,봄내신용협동조합 033-242-5300,"거래조건에 따라 최고 0.0%p 우대금리 제공
①자동이체 납입실적 : 0.0%p
②장기가입조합원 : 최대 0.0%p
③비대면 기한부예금 가입실적 : 0.0%p
④신협체크카드 결제실적 : 0.0%p
⑤급여이체 실적 : 0.0%p",제한없음,스마트폰,"만기후 1개월 미만 : 만기일 당시 신규 기본이율의 1/2
만기후 1개월 이상 ~ 3개월 미만 : 만기일 당시 신규 기본이율의 1/3
만기후 3개월 이상 ~ 6개월 미만 : 만기일 당시 신규 기본이율의 1/6
만기후 6개월 이상 : 만기일 당시 보통예탁금 이율
기재된 구간별 만기후 이자율은 최저이율이며 그 이상으로 지급 될 수 있습니다.","가입금액 : 월 1만원 이상
납입한도 : 월 100만원 이내
가입기간 : 1년 이상 5년 이내(연단위)",http://www.cu.co.kr/product/ad/fnncGoods/selectFnncGoodsDpstInfo51.do?fnncGoodsSn=66,166,신용협동조합
용인 신용협동조합,정기적금(대면),정액적립식,4.6,3.89,4.6,제한없음,단리,"신용협동조합
(홈페이지)
15666000
(대표번호)",2024-10-21,용인신용협동조합 031-336-5115,없음,제한없음,영업점,"만기후 1개월 미만 : 만기일 당시 신규 기본이율의 1/2
만기후 1개월 이상 ~ 3개월 미만 : 만기일 당시 신규 기본이율의 1/3
만기후 3개월 이상 ~ 6개월 미만 : 만기일 당시 신규 기본이율의 1/6
만기후 6개월 이상 : 만기일 당시 보통예탁금 이율
기재된 구간별 만기후 이자율은 최저이율이며 그 이상으로 지급 될 수 있습니다.","가입금액 : 월 1천원 이상
가입기간 : 6년 이하(월단위)",http://www.cu.co.kr/product/ad/fnncGoods/selectFnncGoodsDpstInfo51.do?fnncGoodsSn=1021,167,신용협동조합
홍성 신용협동조합,매일적금(대면),정액적립식,4.6,3.89,4.6,제한없음,단리,"신용협동조합
(홈페이지)
15666000
(대표번호)",2024-10-21,홍성신용협동조합 041-633-8884,없음,제한없음,영업점,"만기후 1개월 미만 : 만기일 당시 신규 기본이율의 1/2
만기후 1개월 이상 ~ 3개월 미만 : 만기일 당시 신규 기본이율의 1/3
만기후 3개월 이상 ~ 6개월 미만 : 만기일 당시 신규 기본이율의 1/6
만기후 6개월 이상 : 만기일 당시 보통예탁금 이율
기재된 구간별 만기후 이자율은 최저이율이며 그 이상으로 지급 될 수 있습니다.","가입기간 : 1개월 이상 3년 이하(월, 일단위)",http://www.cu.co.kr/product/ad/fnncGoods/selectFnncGoodsDpstInfo51.do?fnncGoodsSn=68,168,신용협동조합
대전대흥 신용협동조합,e-파란적금(비대면),정액적립식,4.0,3.38,4.5,제한없음,단리,"신용협동조합
(홈페이지)
15666000
(대표번호)",2024-10-21,대전대흥신용협동조합 042-255-5171,"거래조건에 따라 최고 0.0%p 우대금리 제공
①자동이체 납입실적 : 0.0%p
②장기가입조합원 : 최대 0.0%p
③비대면 기한부예금 가입실적 : 0.0%p
④신협체크카드 결제실적 : 0.0%p
⑤급여이체 실적 : 0.0%p",제한없음,스마트폰,"만기후 1개월 미만 : 만기일 당시 신규 기본이율의 1/2
만기후 1개월 이상 ~ 3개월 미만 : 만기일 당시 신규 기본이율의 1/3
만기후 3개월 이상 ~ 6개월 미만 : 만기일 당시 신규 기본이율의 1/6
만기후 6개월 이상 : 만기일 당시 보통예탁금 이율
기재된 구간별 만기후 이자율은 최저이율이며 그 이상으로 지급 될 수 있습니다.","가입금액 : 월 1만원 이상
납입한도 : 월 100만원 이내
가입기간 : 1년 이상 5년 이내(연단위)",http://www.cu.co.kr/product/ad/fnncGoods/selectFnncGoodsDpstInfo51.do?fnncGoodsSn=66,169,신용협동조합
두암 신용협동조합,e-파란적금(비대면),정액적립식,4.0,3.38,4.5,제한없음,단리,"신용협동조합
(홈페이지)
15666000
(대표번호)",2024-10-21,두암신용협동조합 062-263-0136,"거래조건에 따라 최고 0.0%p 우대금리 제공
①자동이체 납입실적 : 0.0%p
②장기가입조합원 : 최대 0.0%p
③비대면 기한부예금 가입실적 : 0.0%p
④신협체크카드 결제실적 : 0.0%p
⑤급여이체 실적 : 0.0%p",제한없음,스마트폰,"만기후 1개월 미만 : 만기일 당시 신규 기본이율의 1/2
만기후 1개월 이상 ~ 3개월 미만 : 만기일 당시 신규 기본이율의 1/3
만기후 3개월 이상 ~ 6개월 미만 : 만기일 당시 신규 기본이율의 1/6
만기후 6개월 이상 : 만기일 당시 보통예탁금 이율
기재된 구간별 만기후 이자율은 최저이율이며 그 이상으로 지급 될 수 있습니다.","가입금액 : 월 1만원 이상
납입한도 : 월 100만원 이내
가입기간 : 1년 이상 5년 이내(연단위)",http://www.cu.co.kr/product/ad/fnncGoods/selectFnncGoodsDpstInfo51.do?fnncGoodsSn=66,170,신용협동조합
보성 신용협동조합,하나더적금(대면),정액적립식,4.5,3.81,4.5,제한없음,단리,"신용협동조합
(홈페이지)
15666000
(대표번호)",2024-10-21,보성신용협동조합 061-852-1815,없음,제한없음,영업점,"만기후 1개월 미만 : 만기일 당시 신규 기본이율의 1/2
만기후 1개월 이상 ~ 3개월 미만 : 만기일 당시 신규 기본이율의 1/3
만기후 3개월 이상 ~ 6개월 미만 : 만기일 당시 신규 기본이율의 1/6
만기후 6개월 이상 : 만기일 당시 보통예탁금 이율
기재된 구간별 만기후 이자율은 최저이율이며 그 이상으로 지급 될 수 있습니다.","가입금액 : 월 1천원 이상
가입기간 : 6개월 이상 5년 이하(월단위)",http://www.cu.co.kr/product/ad/fnncGoods/selectFnncGoodsDpstInfo51.do?fnncGoodsSn=98,171,신용협동조합
부산제일 신용협동조합,e-파란적금(비대면),정액적립식,3.9,3.3,4.5,제한없음,단리,"신용협동조합
(홈페이지)
15666000
(대표번호)",2024-10-21,부산제일신용협동조합 051-502-1097,"거래조건에 따라 최고 0.0%p 우대금리 제공
①자동이체 납입실적 : 0.0%p
②장기가입조합원 : 최대 0.0%p
③비대면 기한부예금 가입실적 : 0.0%p
④신협체크카드 결제실적 : 0.0%p
⑤급여이체 실적 : 0.0%p",제한없음,스마트폰,"만기후 1개월 미만 : 만기일 당시 신규 기본이율의 1/2
만기후 1개월 이상 ~ 3개월 미만 : 만기일 당시 신규 기본이율의 1/3
만기후 3개월 이상 ~ 6개월 미만 : 만기일 당시 신규 기본이율의 1/6
만기후 6개월 이상 : 만기일 당시 보통예탁금 이율
기재된 구간별 만기후 이자율은 최저이율이며 그 이상으로 지급 될 수 있습니다.","가입금액 : 월 1만원 이상
납입한도 : 월 100만원 이내
가입기간 : 1년 이상 5년 이내(연단위)",http://www.cu.co.kr/product/ad/fnncGoods/selectFnncGoodsDpstInfo51.do?fnncGoodsSn=66,172,신용협동조합
